"Id","Date_Completed__c"
"a0tdm00000BNUWxAAP","2025-06-23"
"a0tdm00000BNUWyAAP","2025-07-06"
"a0tdm00000BNUWzAAP","2025-07-08"
"a0tdm00000BNUX0AAP","2025-07-06"
"a0tdm00000BNUX1AAP","2025-06-24"
"a0tdm00000BNUX2AAP","2025-06-29"
"a0tdm00000BNUX3AAP","2025-06-30"
"a0tdm00000BNUX4AAP","2025-06-30"
"a0tdm00000BNUX5AAP","2025-07-01"
"a0tdm00000BNUX6AAP","2025-07-01"
"a0tdm00000BNUX7AAP","2025-06-30"
"a0tdm00000BNUX8AAP","2025-07-01"
"a0tdm00000BNUX9AAP","2025-07-01"
"a0tdm00000BNUXAAA5","2025-07-01"
"a0tdm00000BNUXBAA5","2025-07-05"
"a0tdm00000BNUXCAA5","2025-07-06"
"a0tdm00000BNUXDAA5","2025-07-06"
"a0tdm00000BNUXEAA5","2025-07-06"
"a0tdm00000BNUXFAA5","2025-07-06"
"a0tdm00000BNUXGAA5","2025-07-06"
"a0tdm00000BNUXHAA5","2025-07-08"
"a0tdm00000BNUXIAA5","2025-07-08"
"a0tdm00000BNUXJAA5","2025-07-08"
"a0tdm00000BNUXKAA5","2025-07-06"
"a0tdm00000BNUXLAA5","2025-07-08"
"a0tdm00000BNUXMAA5","2025-07-09"
"a0tdm00000BNUXNAA5","2025-07-09"
"a0tdm00000BNUXOAA5","2025-07-09"
"a0tdm00000BNUXPAA5","2025-07-08"
"a0tdm00000BNUXQAA5","2025-07-12"
"a0tdm00000BNUXRAA5","2025-07-08"
"a0tdm00000BNUXSAA5","2025-07-09"
"a0tdm00000BNUXTAA5","2025-07-08"
"a0tdm00000BNUXUAA5","2025-07-09"
"a0tdm00000BNUXVAA5","2025-07-09"
"a0tdm00000BNUXWAA5","2025-07-09"
"a0tdm00000BNUXXAA5","2025-07-12"
"a0tdm00000BNUXYAA5","2025-07-13"
"a0tdm00000BNUXZAA5","2025-07-14"
"a0tdm00000BNUXaAAP","2025-07-14"
"a0tdm00000BNUXbAAP","2025-07-14"
"a0tdm00000BNUXcAAP","2025-07-14"
"a0tdm00000BNUXdAAP","2025-07-14"
"a0tdm00000BNUXeAAP","2025-07-15"
"a0tdm00000BNUXfAAP","2025-08-12"
"a0tdm00000BNUXgAAP","2025-07-20"
"a0tdm00000BNUXhAAP","2025-07-21"
"a0tdm00000BNUXiAAP","2025-07-22"
"a0tdm00000BNUXjAAP","2025-07-22"
"a0tdm00000BNUXkAAP","2025-07-23"
"a0tdm00000BNUXlAAP","2025-07-23"
"a0tdm00000BNUXmAAP","2025-07-23"
"a0tdm00000BNUXnAAP","2025-07-23"
"a0tdm00000BNUXoAAP","2025-07-26"
"a0tdm00000BNUXpAAP","2025-07-26"
"a0tdm00000BNUXqAAP","2025-07-26"
"a0tdm00000BNUXrAAP","2025-07-26"
"a0tdm00000BNUXsAAP","2025-07-26"
"a0tdm00000BNUXtAAP","2025-07-21"
"a0tdm00000BNUXuAAP","2025-07-26"
"a0tdm00000BNUXvAAP","2025-07-27"
"a0tdm00000BNUXwAAP","2025-07-27"
"a0tdm00000BNUXxAAP","2025-07-29"
"a0tdm00000BNUXyAAP","2025-07-27"
"a0tdm00000BNUXzAAP","2025-07-29"
"a0tdm00000BNUY0AAP","2025-07-29"
"a0tdm00000BNUY1AAP","2025-07-30"
"a0tdm00000BNUY2AAP","2025-07-27"
"a0tdm00000BNUY3AAP","2025-07-30"
"a0tdm00000BNUY4AAP","2025-07-30"
"a0tdm00000BNUY5AAP","2025-08-02"
"a0tdm00000BNUY6AAP","2025-08-03"
"a0tdm00000BNUY7AAP","2025-08-09"
"a0tdm00000BNUY8AAP","2025-08-11"
"a0tdm00000BNUY9AAP","2025-08-11"
"a0tdm00000BNUYAAA5","2025-08-12"
"a0tdm00000BNUYBAA5","2025-08-13"
"a0tdm00000BNUYCAA5","2025-08-11"
"a0tdm00000BNUYDAA5","2025-08-12"
"a0tdm00000BNUYEAA5","2025-08-13"
"a0tdm00000BNUYFAA5","2025-08-13"
"a0tdm00000BNUYGAA5","2025-08-13"
"a0tdm00000BNUYHAA5","2025-08-16"
"a0tdm00000BNUYIAA5","2025-08-16"
"a0tdm00000BNUYJAA5","2025-08-16"
"a0tdm00000BNUYKAA5","2025-08-16"
"a0tdm00000BNUYLAA5","2025-08-16"
"a0tdm00000BNUYMAA5","2025-08-13"
"a0tdm00000BNUYNAA5","2025-08-16"
"a0tdm00000BNUYOAA5","2025-08-17"
"a0tdm00000BNUYPAA5","2025-08-18"
"a0tdm00000BNUYQAA5","2025-08-20"
"a0tdm00000BNUYRAA5","2025-11-03"
"a0tdm00000BNUYSAA5","2025-08-18"
"a0tdm00000BNUYTAA5","2025-08-16"
"a0tdm00000BNUYUAA5","2025-08-19"
"a0tdm00000BNUYVAA5","2025-08-16"
"a0tdm00000BNUYWAA5","2025-08-17"
"a0tdm00000BNV9sAAH","2025-04-09"
"a0tdm00000BNV9tAAH","2025-04-09"
"a0tdm00000BNV9uAAH","2025-04-08"
"a0tdm00000BNV9vAAH","2025-04-07"
"a0tdm00000BNV9wAAH","2025-04-05"
"a0tdm00000BNV9xAAH","2025-04-01"
"a0tdm00000BNV9yAAH","2025-03-29"
"a0tdm00000BNV9zAAH","2025-04-15"
"a0tdm00000BNVA0AAP","2025-04-13"
"a0tdm00000BNVA1AAP","2025-04-19"
"a0tdm00000BNVA2AAP","2025-04-19"
"a0tdm00000BNVA3AAP","2025-04-22"
"a0tdm00000BNVA4AAP","2025-04-21"
"a0tdm00000BNVA5AAP","2025-04-23"
"a0tdm00000BNVA6AAP","2025-04-23"
"a0tdm00000BNVA7AAP","2025-05-04"
"a0tdm00000BNVA8AAP","2025-04-27"
"a0tdm00000BNVA9AAP","2025-04-26"
"a0tdm00000BNVAAAA5","2025-04-27"
"a0tdm00000BNVABAA5","2025-04-28"
"a0tdm00000BNVACAA5","2025-05-04"
"a0tdm00000BNVADAA5","2025-05-05"
"a0tdm00000BNVAEAA5","2025-05-07"
"a0tdm00000BNVAFAA5","2025-05-03"
"a0tdm00000BNVAGAA5","2025-05-05"
"a0tdm00000BNVAHAA5","2025-05-05"
"a0tdm00000BNVAIAA5","2025-05-06"
"a0tdm00000BNVAJAA5","2025-05-06"
"a0tdm00000BNVAKAA5","2025-05-07"
"a0tdm00000BNVALAA5","2025-05-07"
"a0tdm00000BNVAMAA5","2025-05-13"
"a0tdm00000BNVANAA5","2025-05-14"
"a0tdm00000BNVAOAA5","2025-05-14"
"a0tdm00000BNVAPAA5","2025-05-14"
"a0tdm00000BNVAQAA5","2025-05-13"
"a0tdm00000BNVARAA5","2025-05-14"
"a0tdm00000BNVASAA5","2025-05-14"
"a0tdm00000BNVATAA5","2025-07-23"
"a0tdm00000BNVAUAA5","2025-05-14"
"a0tdm00000BNVAVAA5","2025-05-17"
"a0tdm00000BNVAWAA5","2025-05-17"
"a0tdm00000BNVAXAA5","2025-05-18"
"a0tdm00000BNVAYAA5","2025-05-20"
"a0tdm00000BNVAZAA5","2025-05-25"
"a0tdm00000BNVAaAAP","2025-05-25"
"a0tdm00000BNVAbAAP","2025-05-25"
"a0tdm00000BNVAcAAP","2025-05-25"
"a0tdm00000BNVAdAAP","2025-05-26"
"a0tdm00000BNVAeAAP","2025-05-26"
"a0tdm00000BNVAfAAP","2025-05-26"
"a0tdm00000BNVAgAAP","2025-05-27"
"a0tdm00000BNVAhAAP","2025-05-27"
"a0tdm00000BNVAiAAP","2025-05-27"
"a0tdm00000BNVAjAAP","2025-05-28"
"a0tdm00000BNVAkAAP","2025-05-28"
"a0tdm00000BNVAlAAP","2025-05-28"
"a0tdm00000BNVAmAAP","2025-05-31"
"a0tdm00000BNVAnAAP","2025-05-31"
"a0tdm00000BNVAoAAP","2025-05-31"
"a0tdm00000BNVApAAP","2025-06-03"
"a0tdm00000BNVAqAAP","2025-06-03"
"a0tdm00000BNVArAAP","2025-06-04"
"a0tdm00000BNVAsAAP","2025-06-04"
"a0tdm00000BNVAtAAP","2025-06-04"
"a0tdm00000BNVAuAAP","2025-06-08"
"a0tdm00000BNVAvAAP","2025-06-08"
"a0tdm00000BNVAwAAP","2025-06-10"
"a0tdm00000BNVAxAAP","2025-06-10"
"a0tdm00000BNVAyAAP","2025-06-10"
"a0tdm00000BNVAzAAP","2025-06-10"
"a0tdm00000BNVB0AAP","2025-06-10"
"a0tdm00000BNVB1AAP","2025-06-09"
"a0tdm00000BNVB2AAP","2025-06-10"
"a0tdm00000BNVB3AAP","2025-06-11"
"a0tdm00000BNVB4AAP","2025-06-11"
"a0tdm00000BNVB5AAP","2025-06-14"
"a0tdm00000BNVB6AAP","2025-06-15"
"a0tdm00000BNVB7AAP","2025-06-15"
"a0tdm00000BNVB8AAP","2025-06-18"
"a0tdm00000BNVB9AAP","2025-06-18"
"a0tdm00000BNVBAAA5","2025-06-18"
"a0tdm00000BNVBBAA5","2025-06-18"
"a0tdm00000BNVBCAA5","2025-06-18"
"a0tdm00000BNVBDAA5","2025-06-18"
"a0tdm00000BNVBEAA5","2025-06-22"
"a0tdm00000BNYgzAAH","2025-11-15"
"a0tdm00000BNYh0AAH","2025-11-17"
"a0tdm00000BNYh1AAH","2025-11-16"
"a0tdm00000BNYh2AAH","2025-11-10"
"a0tdm00000BNYh3AAH","2025-10-01"
"a0tdm00000BNYh4AAH","2025-10-22"
"a0tdm00000BNYh5AAH","2025-10-26"
"a0tdm00000BNYh6AAH","2025-10-13"
"a0tdm00000BNYh7AAH","2025-10-26"
"a0tdm00000BNYh8AAH","2025-10-15"
"a0tdm00000BNYh9AAH","2025-01-08"
"a0tdm00000BNYhAAAX","2025-10-18"
"a0tdm00000BNYhBAAX","2025-10-13"
"a0tdm00000BNYhCAAX","2025-11-15"
"a0tdm00000BNYhDAAX","2025-11-16"
"a0tdm00000BNYhEAAX","2025-03-10"
"a0tdm00000BNYhFAAX","2025-02-12"
"a0tdm00000BNYhGAAX","2025-06-10"
"a0tdm00000BNYhHAAX","2025-08-20"
"a0tdm00000BNYhIAAX","2025-02-12"
"a0tdm00000BNYhJAAX","2025-01-29"
"a0tdm00000BNYhKAAX","2025-02-11"
"a0tdm00000BNYhLAAX","2025-01-21"
"a0tdm00000BNYhMAAX","2025-01-29"
"a0tdm00000BNYhNAAX","2025-11-02"
"a0tdm00000BNYhOAAX","2025-02-26"
"a0tdm00000BNYhPAAX","2025-04-13"
"a0tdm00000BNYhQAAX","2025-04-29"
"a0tdm00000BNYhRAAX","2025-07-26"
"a0tdm00000BNYhSAAX","2025-05-07"
"a0tdm00000BNYhTAAX","2025-10-27"
"a0tdm00000BNYhUAAX","2025-09-24"
"a0tdm00000BNYhVAAX","2025-06-14"
"a0tdm00000BNYhWAAX","2025-04-28"
"a0tdm00000BNYhXAAX","2025-06-01"
"a0tdm00000BNYhYAAX","2025-01-20"
"a0tdm00000BNYhZAAX","2025-01-12"
"a0tdm00000BNYhaAAH","2025-01-13"
"a0tdm00000BNYhbAAH","2025-01-14"
"a0tdm00000BNYhcAAH","2025-04-19"
"a0tdm00000BNYhdAAH","2025-03-26"
"a0tdm00000BNYheAAH","2025-07-05"
"a0tdm00000BNYhfAAH","2025-01-01"
"a0tdm00000BNYhgAAH","2025-01-04"
"a0tdm00000BNYhhAAH","2024-12-31"
"a0tdm00000BNYhiAAH","2025-01-01"
"a0tdm00000BNYhjAAH","2025-01-04"
"a0tdm00000BNYhkAAH","2025-01-07"
"a0tdm00000BNYhlAAH","2025-01-14"
"a0tdm00000BNYhmAAH","2025-01-07"
"a0tdm00000BNYhnAAH","2025-01-07"
"a0tdm00000BNYhoAAH","2025-01-04"
"a0tdm00000BNYhpAAH","2025-01-05"
"a0tdm00000BNYhqAAH","2025-01-05"
"a0tdm00000BNYhrAAH","2025-01-15"
"a0tdm00000BNYhsAAH","2025-01-21"
"a0tdm00000BNYhtAAH","2025-01-07"
"a0tdm00000BNYhuAAH","2025-01-19"
"a0tdm00000BNYhvAAH","2025-01-13"
"a0tdm00000BNYhwAAH","2025-01-13"
"a0tdm00000BNYhxAAH","2025-01-13"
"a0tdm00000BNYhyAAH","2025-01-20"
"a0tdm00000BNYhzAAH","2025-01-14"
"a0tdm00000BNYi0AAH","2025-01-12"
"a0tdm00000BNYi1AAH","2025-01-12"
"a0tdm00000BNYi2AAH","2025-01-13"
"a0tdm00000BNYi3AAH","2025-01-13"
"a0tdm00000BNYi4AAH","2025-01-14"
"a0tdm00000BNYi5AAH","2025-01-14"
"a0tdm00000BNYi6AAH","2025-01-14"
"a0tdm00000BNYi7AAH","2025-01-11"
"a0tdm00000BNYi8AAH","2025-01-15"
"a0tdm00000BNYi9AAH","2025-01-15"
"a0tdm00000BNYiAAAX","2025-01-15"
"a0tdm00000BNYiBAAX","2025-01-15"
"a0tdm00000BNYiCAAX","2025-01-25"
"a0tdm00000BNYiDAAX","2025-01-19"
"a0tdm00000BNYiEAAX","2025-01-20"
"a0tdm00000BNYiFAAX","2025-01-21"
"a0tdm00000BNYiGAAX","2025-01-21"
"a0tdm00000BNYiHAAX","2025-01-21"
"a0tdm00000BNYiIAAX","2025-01-21"
"a0tdm00000BNYiJAAX","2025-01-22"
"a0tdm00000BNYiKAAX","2025-01-22"
"a0tdm00000BNYiLAAX","2025-08-19"
"a0tdm00000BNYiMAAX","2025-01-22"
"a0tdm00000BNYiNAAX","2025-01-21"
"a0tdm00000BNYiOAAX","2025-01-20"
"a0tdm00000BNYiPAAX","2025-01-25"
"a0tdm00000BNYiQAAX","2025-02-23"
"a0tdm00000BNYiRAAX","2025-01-26"
"a0tdm00000BNYiSAAX","2025-01-26"
"a0tdm00000BNYiTAAX","2025-01-26"
"a0tdm00000BNYiUAAX","2025-01-29"
"a0tdm00000BNYiVAAX","2025-01-27"
"a0tdm00000BNYiWAAX","2025-01-29"
"a0tdm00000BNYiXAAX","2025-01-29"
"a0tdm00000BNYiYAAX","2025-01-27"
"a0tdm00000BNYiZAAX","2025-01-29"
"a0tdm00000BNYiaAAH","2025-01-28"
"a0tdm00000BNYibAAH","2025-01-29"
"a0tdm00000BNYicAAH","2025-01-29"
"a0tdm00000BNYidAAH","2025-01-28"
"a0tdm00000BNYieAAH","2025-01-25"
"a0tdm00000BNYifAAH","2025-01-26"
"a0tdm00000BNYigAAH","2025-02-02"
"a0tdm00000BNYihAAH","2025-02-04"
"a0tdm00000BNYiiAAH","2025-02-05"
"a0tdm00000BNYijAAH","2025-02-04"
"a0tdm00000BNYikAAH","2025-02-05"
"a0tdm00000BNYilAAH","2025-02-04"
"a0tdm00000BNYimAAH","2025-02-05"
"a0tdm00000BNYinAAH","2025-02-04"
"a0tdm00000BNYioAAH","2025-02-01"
"a0tdm00000BNYipAAH","2025-02-04"
"a0tdm00000BNYiqAAH","2025-02-04"
"a0tdm00000BNYirAAH","2025-02-05"
"a0tdm00000BNYisAAH","2025-02-23"
"a0tdm00000BNYitAAH","2025-11-15"
"a0tdm00000BNYiuAAH","2025-02-05"
"a0tdm00000BNYivAAH","2025-02-08"
"a0tdm00000BNYiwAAH","2025-02-09"
"a0tdm00000BNYixAAH","2025-02-05"
"a0tdm00000BNYiyAAH","2025-02-09"
"a0tdm00000BNYizAAH","2025-02-17"
"a0tdm00000BNYj0AAH","2025-02-09"
"a0tdm00000BNYj1AAH","2025-02-23"
"a0tdm00000BNYj2AAH","2025-02-13"
"a0tdm00000BNYj3AAH","2025-02-12"
"a0tdm00000BNYj4AAH","2025-02-16"
"a0tdm00000BNYp3AAH","2025-02-16"
"a0tdm00000BNYp4AAH","2025-02-16"
"a0tdm00000BNYp5AAH","2025-02-12"
"a0tdm00000BNYp6AAH","2025-02-25"
"a0tdm00000BNYp7AAH","2025-02-18"
"a0tdm00000BNYp8AAH","2025-02-19"
"a0tdm00000BNYp9AAH","2025-02-26"
"a0tdm00000BNYpAAAX","2025-02-25"
"a0tdm00000BNYpBAAX","2025-03-26"
"a0tdm00000BNYpCAAX","2025-02-17"
"a0tdm00000BNYpDAAX","2025-02-18"
"a0tdm00000BNYpEAAX","2025-02-24"
"a0tdm00000BNYpFAAX","2025-02-22"
"a0tdm00000BNYpGAAX","2025-02-22"
"a0tdm00000BNYpHAAX","2025-02-22"
"a0tdm00000BNYpIAAX","2025-02-22"
"a0tdm00000BNYpJAAX","2025-02-22"
"a0tdm00000BNYpKAAX","2025-02-23"
"a0tdm00000BNYpLAAX","2025-02-25"
"a0tdm00000BNYpMAAX","2025-02-25"
"a0tdm00000BNYpNAAX","2025-02-26"
"a0tdm00000BNYpOAAX","2025-02-25"
"a0tdm00000BNYpPAAX","2025-03-26"
"a0tdm00000BNYpQAAX","2025-03-03"
"a0tdm00000BNYpRAAX","2025-03-03"
"a0tdm00000BNYpSAAX","2025-03-03"
"a0tdm00000BNYpTAAX","2025-03-03"
"a0tdm00000BNYpUAAX","2025-03-05"
"a0tdm00000BNYpVAAX","2025-03-03"
"a0tdm00000BNYpWAAX","2025-03-02"
"a0tdm00000BNYpXAAX","2025-03-05"
"a0tdm00000BNYpYAAX","2025-03-05"
"a0tdm00000BNYpZAAX","2025-03-08"
"a0tdm00000BNYpaAAH","2025-03-05"
"a0tdm00000BNYpbAAH","2025-03-08"
"a0tdm00000BNYpcAAH","2025-03-09"
"a0tdm00000BNYpdAAH","2025-03-09"
"a0tdm00000BNYpeAAH","2025-03-25"
"a0tdm00000BNYpfAAH","2025-03-09"
"a0tdm00000BNYpgAAH","2025-03-10"
"a0tdm00000BNYphAAH","2025-03-10"
"a0tdm00000BNYpiAAH","2025-03-11"
"a0tdm00000BNYpjAAH","2025-03-16"
"a0tdm00000BNYpkAAH","2025-03-12"
"a0tdm00000BNYplAAH","2025-03-11"
"a0tdm00000BNYpmAAH","2025-03-18"
"a0tdm00000BNYpnAAH","2025-03-12"
"a0tdm00000BNYpoAAH","2025-03-15"
"a0tdm00000BNYppAAH","2025-03-15"
"a0tdm00000BNYpqAAH","2025-03-15"
"a0tdm00000BNYprAAH","2025-03-15"
"a0tdm00000BNYpsAAH","2025-03-16"
"a0tdm00000BNYptAAH","2025-03-16"
"a0tdm00000BNYpuAAH","2025-03-17"
"a0tdm00000BNYpvAAH","2025-03-17"
"a0tdm00000BNYpwAAH","2025-03-18"
"a0tdm00000BNYpxAAH","2025-03-19"
"a0tdm00000BNYpyAAH","2025-03-19"
"a0tdm00000BNYpzAAH","2025-03-19"
"a0tdm00000BNYq0AAH","2025-03-20"
"a0tdm00000BNYq1AAH","2025-03-22"
"a0tdm00000BNYq2AAH","2025-03-19"
"a0tdm00000BNYq3AAH","2025-03-23"
"a0tdm00000BNYq4AAH","2025-03-23"
"a0tdm00000BNYq5AAH","2025-03-23"
"a0tdm00000BNYq6AAH","2025-03-24"
"a0tdm00000BNYq7AAH","2025-03-24"
"a0tdm00000BNYq8AAH","2025-04-29"
"a0tdm00000BNYq9AAH","2025-03-30"
"a0tdm00000BNYqAAAX","2025-04-02"
"a0tdm00000BNYqBAAX","2025-04-06"
"a0tdm00000BNYqCAAX","2025-04-06"
"a0tdm00000BNYqDAAX","2025-04-07"
"a0tdm00000BNYqEAAX","2025-04-07"
"a0tdm00000BNYqFAAX","2025-04-07"
"a0tdm00000BNYqGAAX","2025-04-08"
"a0tdm00000BNYqHAAX","2025-04-15"
"a0tdm00000BNYqIAAX","2025-04-09"
"a0tdm00000BNYqJAAX","2025-04-09"
"a0tdm00000BNYqfAAH","2025-06-22"
"a0tdm00000BNYsHAAX","2025-08-17"
"a0tdm00000BNYsIAAX","2025-08-19"
"a0tdm00000BNYsJAAX","2025-08-20"
"a0tdm00000BNYsKAAX","2025-08-19"
"a0tdm00000BNYsLAAX","2025-08-19"
"a0tdm00000BNYsMAAX","2025-08-20"
"a0tdm00000BNYsNAAX","2025-08-23"
"a0tdm00000BNYsOAAX","2025-08-23"
"a0tdm00000BNYsPAAX","2025-08-23"
"a0tdm00000BNYsQAAX","2025-08-24"
"a0tdm00000BNYsRAAX","2025-08-26"
"a0tdm00000BNYsSAAX","2025-08-26"
"a0tdm00000BNYsTAAX","2025-09-06"
"a0tdm00000BNYsUAAX","2025-08-27"
"a0tdm00000BNYsVAAX","2025-09-06"
"a0tdm00000BNYsWAAX","2025-08-27"
"a0tdm00000BNYsXAAX","2025-09-20"
"a0tdm00000BNYsYAAX","2025-08-27"
"a0tdm00000BNYsZAAX","2025-08-31"
"a0tdm00000BNYsaAAH","2025-08-26"
"a0tdm00000BNYsbAAH","2025-09-03"
"a0tdm00000BNYscAAH","2025-09-20"
"a0tdm00000BNYsdAAH","2025-09-08"
"a0tdm00000BNYseAAH","2025-09-03"
"a0tdm00000BNYttAAH","2025-09-02"
"a0tdm00000BNYtuAAH","2025-09-03"
"a0tdm00000BNYtvAAH","2025-09-06"
"a0tdm00000BNYtwAAH","2025-09-06"
"a0tdm00000BNYtxAAH","2025-09-30"
"a0tdm00000BNYtyAAH","2025-09-20"
"a0tdm00000BNYtzAAH","2025-09-15"
"a0tdm00000BNYu0AAH","2025-09-23"
"a0tdm00000BNYu1AAH","2025-09-27"
"a0tdm00000BNYu2AAH","2025-09-23"
"a0tdm00000BNYu3AAH","2025-09-22"
"a0tdm00000BNYu4AAH","2025-09-27"
"a0tdm00000BNYu5AAH","2025-09-23"
"a0tdm00000BNYu6AAH","2025-10-11"
"a0tdm00000BNYu7AAH","2025-09-28"
"a0tdm00000BNYu8AAH","2025-09-30"
"a0tdm00000BNYu9AAH","2025-09-22"
"a0tdm00000BNYuAAAX","2025-09-22"
"a0tdm00000BNYuBAAX","2025-09-22"
"a0tdm00000BNYuCAAX","2025-09-22"
"a0tdm00000BNYuDAAX","2025-09-23"
"a0tdm00000BNYuEAAX","2025-10-05"
"a0tdm00000BNYuFAAX","2025-09-23"
"a0tdm00000BNYuGAAX","2025-09-24"
"a0tdm00000BNYuHAAX","2025-09-23"
"a0tdm00000BNYuIAAX","2025-09-23"
"a0tdm00000BNYuJAAX","2025-10-01"
"a0tdm00000BNYuKAAX","2025-09-27"
"a0tdm00000BNYuLAAX","2025-09-27"
"a0tdm00000BNYuMAAX","2025-09-30"
"a0tdm00000BNYuNAAX","2025-09-28"
"a0tdm00000BNYuOAAX","2025-10-01"
"a0tdm00000BNYuPAAX","2025-10-01"
"a0tdm00000BNYuQAAX","2025-09-30"
"a0tdm00000BNYuRAAX","2025-10-01"
"a0tdm00000BNYuSAAX","2025-09-30"
"a0tdm00000BNYuTAAX","2025-10-01"
"a0tdm00000BNYuUAAX","2025-10-01"
"a0tdm00000BNYuVAAX","2025-09-29"
"a0tdm00000BNYuWAAX","2025-10-04"
"a0tdm00000BNYuXAAX","2025-10-04"
"a0tdm00000BNYuYAAX","2025-10-05"
"a0tdm00000BNYuZAAX","2025-10-05"
"a0tdm00000BNYuaAAH","2025-10-08"
"a0tdm00000BNYubAAH","2025-10-05"
"a0tdm00000BNYucAAH","2025-10-06"
"a0tdm00000BNYudAAH","2025-10-06"
"a0tdm00000BNYueAAH","2025-10-06"
"a0tdm00000BNYufAAH","2025-10-05"
"a0tdm00000BNYugAAH","2025-10-06"
"a0tdm00000BNYuhAAH","2025-10-06"
"a0tdm00000BNYuiAAH","2025-10-07"
"a0tdm00000BNYujAAH","2025-10-07"
"a0tdm00000BNYukAAH","2025-10-19"
"a0tdm00000BNYulAAH","2025-10-08"
"a0tdm00000BNYumAAH","2025-10-11"
"a0tdm00000BNYunAAH","2025-10-08"
"a0tdm00000BNYuoAAH","2025-10-08"
"a0tdm00000BNYupAAH","2025-10-12"
"a0tdm00000BNYuqAAH","2025-10-12"
"a0tdm00000BNYurAAH","2025-10-12"
"a0tdm00000BNYusAAH","2025-10-12"
"a0tdm00000BNYutAAH","2025-10-15"
"a0tdm00000BNYuuAAH","2025-10-14"
"a0tdm00000BNYuvAAH","2025-10-13"
"a0tdm00000BNYuwAAH","2025-10-13"
"a0tdm00000BNYuxAAH","2025-10-13"
"a0tdm00000BNYuyAAH","2025-10-13"
"a0tdm00000BNYuzAAH","2025-10-14"
"a0tdm00000BNYv0AAH","2025-10-15"
"a0tdm00000BNYv1AAH","2025-10-14"
"a0tdm00000BNYv2AAH","2025-10-13"
"a0tdm00000BNYv3AAH","2025-10-21"
"a0tdm00000BNYv4AAH","2025-10-13"
"a0tdm00000BNYv5AAH","2025-10-15"
"a0tdm00000BNYv6AAH","2025-10-13"
"a0tdm00000BNYv7AAH","2025-10-22"
"a0tdm00000BNYv8AAH","2025-10-18"
"a0tdm00000BNYv9AAH","2025-10-18"
"a0tdm00000BNYvAAAX","2025-10-18"
"a0tdm00000BNYvBAAX","2025-10-27"
"a0tdm00000BNYvCAAX","2025-10-18"
"a0tdm00000BNYvDAAX","2025-10-19"
"a0tdm00000BNYvEAAX","2025-10-19"
"a0tdm00000BNYvFAAX","2025-10-19"
"a0tdm00000BNYvGAAX","2025-10-19"
"a0tdm00000BNYvHAAX","2025-10-20"
"a0tdm00000BNYvIAAX","2025-10-20"
"a0tdm00000BNYvJAAX","2025-10-20"
"a0tdm00000BNYvKAAX","2025-10-19"
"a0tdm00000BNYvLAAX","2025-10-21"
"a0tdm00000BNYvMAAX","2025-10-21"
"a0tdm00000BNYvNAAX","2025-10-27"
"a0tdm00000BNYvOAAX","2025-10-29"
"a0tdm00000BNYvPAAX","2025-10-28"
"a0tdm00000BNYvQAAX","2025-10-29"
"a0tdm00000BNYvRAAX","2025-10-26"
"a0tdm00000BNYvSAAX","2025-10-26"
"a0tdm00000BNYvTAAX","2025-10-26"
"a0tdm00000BNYvUAAX","2025-10-25"
"a0tdm00000BNYvVAAX","2025-11-02"
"a0tdm00000BNYvWAAX","2025-11-04"
"a0tdm00000BNYvXAAX","2025-11-03"
"a0tdm00000BNYvYAAX","2025-11-04"
"a0tdm00000BNYvZAAX","2025-11-01"
"a0tdm00000BNYvaAAH","2025-11-05"
"a0tdm00000BNYvbAAH","2025-11-03"
"a0tdm00000BNYvcAAH","2025-11-04"
"a0tdm00000BNYvdAAH","2025-11-02"
"a0tdm00000BNYveAAH","2025-11-08"
"a0tdm00000BNYvfAAH","2025-11-09"
"a0tdm00000BNYvgAAH","2025-11-09"
"a0tdm00000BNYvhAAH","2025-11-09"
"a0tdm00000BNYviAAH","2025-11-08"
"a0tdm00000BNYvjAAH","2025-11-17"
"a0tdm00000BNYvkAAH","2025-11-10"
"a0tdm00000BNYvlAAH","2025-11-11"
"a0tdm00000BNYvmAAH","2025-11-11"
"a0tdm00000BNYvnAAH","2025-11-18"
"a0tdm00000BNYvoAAH","2025-11-12"
"a0tdm00000BNYvpAAH","2025-11-12"
"a0tdm00000BNYvqAAH","2025-11-10"
"a0tdm00000BNYvrAAH","2025-11-11"
"a0tdm00000BNYvsAAH","2025-11-15"
"a0tdm00000BNYvtAAH","2025-11-15"
"a0tdm00000BNYvuAAH","2025-11-15"
"a0tdm00000BNYvvAAH","2025-11-15"
"a0tdm00000BNYvwAAH","2025-11-16"
"a0tdm00000BNYvxAAH","2025-11-16"
"a0tdm00000BNYvyAAH","2025-11-17"
"a0tdm00000BNYvzAAH","2025-11-17"
"a0tdm00000BNYw0AAH","2025-11-17"
"a0tdm00000BNYw1AAH","2025-11-17"
"a0tdm00000BNYw2AAH","2025-11-17"
