"Id","Type","TaskSubtype"
"00TVo00001EAdywMAD","Call","Call"
"00TVo00001EAdyxMAD","Call","Call"
"00TVo00001EAdyyMAD","Call","Call"
"00TVo00001EAdyzMAD","Call","Call"
"00TVo00001EAdz0MAD","Call","Call"
"00TVo00001EAdz1MAD","Call","Call"
"00TVo00001EAdz2MAD","Call","Call"
"00TVo00001EAdz3MAD","Call","Call"
"00TVo00001EAdz4MAD","Call","Call"
"00TVo00001EAdz5MAD","Call","Call"
"00TVo00001EAdz6MAD","Call","Call"
"00TVo00001EAdz7MAD","Call","Call"
"00TVo00001EAdz8MAD","Call","Call"
"00TVo00001EAdz9MAD","Call","Call"
"00TVo00001EAdzAMAT","Call","Call"
"00TVo00001EAdzBMAT","Call","Call"
"00TVo00001EAdzCMAT","Call","Call"
"00TVo00001EAdzDMAT","Call","Call"
"00TVo00001EAdzEMAT","Call","Call"
"00TVo00001EAdzFMAT","Call","Call"
"00TVo00001EAdzGMAT","Call","Call"
"00TVo00001EAdzHMAT","Call","Call"
"00TVo00001EAdzIMAT","Call","Call"
"00TVo00001EAdzJMAT","Call","Call"
"00TVo00001EAdzKMAT","Call","Call"
"00TVo00001EAdzLMAT","Call","Call"
"00TVo00001EAdzMMAT","Call","Call"
"00TVo00001EAdzNMAT","Call","Call"
"00TVo00001EAdzOMAT","Call","Call"
"00TVo00001EAdzPMAT","Call","Call"
"00TVo00001EAdzQMAT","Call","Call"
"00TVo00001EAdzRMAT","Call","Call"
"00TVo00001EAdzSMAT","Call","Call"
"00TVo00001EAdzTMAT","Call","Call"
"00TVo00001EAdzUMAT","Call","Call"
"00TVo00001EAdzVMAT","Call","Call"
"00TVo00001EAdzWMAT","Call","Call"
"00TVo00001EAdzXMAT","Call","Call"
"00TVo00001EAdzYMAT","Call","Call"
"00TVo00001EAdzZMAT","Call","Call"
"00TVo00001EAdzaMAD","Call","Call"
"00TVo00001EAdzbMAD","Call","Call"
"00TVo00001EAdzcMAD","Call","Call"
"00TVo00001EAdzdMAD","Call","Call"
"00TVo00001EAdzeMAD","Call","Call"
"00TVo00001EAdzfMAD","Call","Call"
"00TVo00001EAdzgMAD","Call","Call"
"00TVo00001EAdzhMAD","Call","Call"
"00TVo00001EAdziMAD","Call","Call"
"00TVo00001EAdzjMAD","Call","Call"
"00TVo00001EAdzkMAD","Call","Call"
"00TVo00001EAdzlMAD","Call","Call"
"00TVo00001EAdzmMAD","Call","Call"
"00TVo00001EAdznMAD","Call","Call"
"00TVo00001EAdzoMAD","Call","Call"
"00TVo00001EAdzpMAD","Call","Call"
"00TVo00001EAdzqMAD","Call","Call"
"00TVo00001EAdzrMAD","Call","Call"
"00TVo00001EAdzsMAD","Call","Call"
"00TVo00001EAdztMAD","Call","Call"
"00TVo00001EAdzuMAD","Call","Call"
"00TVo00001EAdzvMAD","Call","Call"
"00TVo00001EAdzwMAD","Call","Call"
"00TVo00001EAdzxMAD","Call","Call"
"00TVo00001EAdzyMAD","Call","Call"
"00TVo00001EAdzzMAD","Call","Call"
"00TVo00001EAe00MAD","Call","Call"
"00TVo00001EAe01MAD","Call","Call"
"00TVo00001EAe02MAD","Call","Call"
"00TVo00001EAe03MAD","Call","Call"
"00TVo00001EAe04MAD","Call","Call"
"00TVo00001EAe05MAD","Call","Call"
"00TVo00001EAe06MAD","Call","Call"
"00TVo00001EAe07MAD","Call","Call"
"00TVo00001EAe08MAD","Call","Call"
"00TVo00001EAe09MAD","Call","Call"
"00TVo00001EAe0AMAT","Call","Call"
"00TVo00001EAe0BMAT","Call","Call"
"00TVo00001EAe0CMAT","Call","Call"
"00TVo00001EAe0DMAT","Call","Call"
"00TVo00001EAe0EMAT","Call","Call"
"00TVo00001EAe0FMAT","Call","Call"
"00TVo00001EAe0GMAT","Call","Call"
"00TVo00001EAe0HMAT","Call","Call"
"00TVo00001EAe0IMAT","Call","Call"
"00TVo00001EAe0JMAT","Call","Call"
"00TVo00001EAe0KMAT","Call","Call"
"00TVo00001EAe0LMAT","Call","Call"
"00TVo00001EAe0MMAT","Call","Call"
"00TVo00001EAe0NMAT","Call","Call"
"00TVo00001EAe0OMAT","Call","Call"
"00TVo00001EBmWzMAL","Call","Call"
"00TVo00001EBmX0MAL","Call","Call"
"00TVo00001EBmX1MAL","Call","Call"
"00TVo00001EBmX2MAL","Call","Call"
"00TVo00001EBmX3MAL","Call","Call"
"00TVo00001EBmX4MAL","Call","Call"
"00TVo00001EBmX5MAL","Call","Call"
"00TVo00001EBmX6MAL","Call","Call"
"00TVo00001EBmX7MAL","Call","Call"
"00TVo00001EBmX8MAL","Call","Call"
"00TVo00001EBmX9MAL","Call","Call"
"00TVo00001EBmXAMA1","Call","Call"
"00TVo00001EBmXBMA1","Call","Call"
"00TVo00001EBmXCMA1","Call","Call"
"00TVo00001EBmXDMA1","Call","Call"
"00TVo00001EBmXEMA1","Call","Call"
"00TVo00001EBmXFMA1","Call","Call"
"00TVo00001EBmXGMA1","Call","Call"
"00TVo00001EBmXHMA1","Call","Call"
"00TVo00001EBmXIMA1","Call","Call"
"00TVo00001EBmXJMA1","Call","Call"
"00TVo00001EBmXKMA1","Call","Call"
"00TVo00001EBmXLMA1","Call","Call"
"00TVo00001EBmXMMA1","Call","Call"
"00TVo00001EBmXNMA1","Call","Call"
"00TVo00001EBmXOMA1","Call","Call"
"00TVo00001EBmXPMA1","Call","Call"
"00TVo00001EBmXQMA1","Call","Call"
"00TVo00001EBmXRMA1","Call","Call"
"00TVo00001EBmXSMA1","Call","Call"
"00TVo00001EBmXTMA1","Call","Call"
"00TVo00001EBmXUMA1","Call","Call"
"00TVo00001EBmXVMA1","Call","Call"
"00TVo00001EBmXWMA1","Call","Call"
"00TVo00001EBmXXMA1","Call","Call"
"00TVo00001EBmXYMA1","Call","Call"
"00TVo00001EBmXZMA1","Call","Call"
"00TVo00001EBmXaMAL","Call","Call"
"00TVo00001EBmXbMAL","Call","Call"
"00TVo00001EBmXcMAL","Call","Call"
"00TVo00001EBmXdMAL","Call","Call"
"00TVo00001EBmXeMAL","Call","Call"
"00TVo00001EBmXfMAL","Call","Call"
"00TVo00001EBmXgMAL","Call","Call"
"00TVo00001EBmXhMAL","Call","Call"
"00TVo00001EBmXiMAL","Call","Call"
"00TVo00001EBmXjMAL","Call","Call"
"00TVo00001EBmXkMAL","Call","Call"
"00TVo00001EBmXlMAL","Call","Call"
"00TVo00001EBmXmMAL","Call","Call"
"00TVo00001EBmXnMAL","Call","Call"
"00TVo00001EBmXoMAL","Call","Call"
"00TVo00001EBmXpMAL","Call","Call"
"00TVo00001EBmXqMAL","Call","Call"
"00TVo00001EBmXrMAL","Call","Call"
"00TVo00001EBmXsMAL","Call","Call"
"00TVo00001EBmXtMAL","Call","Call"
"00TVo00001EBmXuMAL","Call","Call"
"00TVo00001EBmXvMAL","Call","Call"
"00TVo00001EBmXwMAL","Call","Call"
"00TVo00001EBmXxMAL","Call","Call"
"00TVo00001EBmXyMAL","Call","Call"
"00TVo00001EBmXzMAL","Call","Call"
"00TVo00001EBmY0MAL","Call","Call"
"00TVo00001EBmY1MAL","Call","Call"
"00TVo00001EBmY2MAL","Call","Call"
"00TVo00001EBmY3MAL","Call","Call"
"00TVo00001EBmY4MAL","Call","Call"
"00TVo00001EBmY5MAL","Call","Call"
"00TVo00001EBmY6MAL","Call","Call"
"00TVo00001EBmY7MAL","Call","Call"
"00TVo00001EBmY8MAL","Call","Call"
"00TVo00001EBmY9MAL","Call","Call"
"00TVo00001EBmYAMA1","Call","Call"
"00TVo00001EBmYBMA1","Call","Call"
"00TVo00001EBmYCMA1","Call","Call"
"00TVo00001EBmYDMA1","Call","Call"
"00TVo00001EBmYEMA1","Call","Call"
"00TVo00001EBmYFMA1","Call","Call"
"00TVo00001EBmYGMA1","Call","Call"
"00TVo00001EBmYHMA1","Call","Call"
"00TVo00001EBmYIMA1","Call","Call"
"00TVo00001EBmYJMA1","Call","Call"
"00TVo00001EBmYKMA1","Call","Call"
"00TVo00001EBmYLMA1","Call","Call"
"00TVo00001EBmYMMA1","Call","Call"
"00TVo00001EBmYNMA1","Call","Call"
"00TVo00001EBmYOMA1","Call","Call"
"00TVo00001EBmYPMA1","Call","Call"
"00TVo00001EBmYQMA1","Call","Call"
"00TVo00001EBmYRMA1","Call","Call"
"00TVo00001EBmYSMA1","Call","Call"
"00TVo00001EBmYTMA1","Call","Call"
"00TVo00001EBmYUMA1","Call","Call"
"00TVo00001EBmYVMA1","Call","Call"
"00TVo00001EBmYWMA1","Call","Call"
"00TVo00001EBmYXMA1","Call","Call"
"00TVo00001EBmYYMA1","Call","Call"
"00TVo00001EBmYZMA1","Call","Call"
"00TVo00001EBmYaMAL","Call","Call"
"00TVo00001EBmYbMAL","Call","Call"
"00TVo00001EBmYcMAL","Call","Call"
"00TVo00001EBmYdMAL","Call","Call"
"00TVo00001EBmYeMAL","Call","Call"
"00TVo00001EBmYfMAL","Call","Call"
"00TVo00001EBmYgMAL","Call","Call"
"00TVo00001EBmYhMAL","Call","Call"
"00TVo00001EBmYiMAL","Call","Call"
"00TVo00001EBmYjMAL","Call","Call"
"00TVo00001EBmYkMAL","Call","Call"
"00TVo00001EBmYlMAL","Call","Call"
"00TVo00001EBmYmMAL","Call","Call"
"00TVo00001EBmYnMAL","Call","Call"
"00TVo00001EBmYoMAL","Call","Call"
"00TVo00001EBmYpMAL","Call","Call"
"00TVo00001EBmYqMAL","Call","Call"
"00TVo00001EBmYrMAL","Call","Call"
"00TVo00001EBmYsMAL","Call","Call"
"00TVo00001EBmYtMAL","Call","Call"
"00TVo00001EBmYuMAL","Call","Call"
"00TVo00001EBmYvMAL","Call","Call"
"00TVo00001EBmYwMAL","Call","Call"
"00TVo00001EBmYxMAL","Call","Call"
"00TVo00001EBmYyMAL","Call","Call"
"00TVo00001EBmYzMAL","Call","Call"
"00TVo00001EBmZ0MAL","Call","Call"
"00TVo00001EBmZ1MAL","Call","Call"
"00TVo00001EBmZ2MAL","Call","Call"
"00TVo00001EBmZ3MAL","Call","Call"
"00TVo00001EBmZ4MAL","Call","Call"
"00TVo00001EBmZ5MAL","Call","Call"
"00TVo00001EBmZ6MAL","Call","Call"
"00TVo00001EBmZ7MAL","Call","Call"
"00TVo00001EBmZ8MAL","Call","Call"
"00TVo00001EBmZ9MAL","Call","Call"
"00TVo00001EBmZAMA1","Call","Call"
"00TVo00001EBmZBMA1","Call","Call"
"00TVo00001EBmZCMA1","Call","Call"
"00TVo00001EBmZDMA1","Call","Call"
"00TVo00001EBmZEMA1","Call","Call"
"00TVo00001EBmZFMA1","Call","Call"
"00TVo00001EBmZGMA1","Call","Call"
"00TVo00001EBmZHMA1","Call","Call"
"00TVo00001EBmZIMA1","Call","Call"
"00TVo00001EBmZJMA1","Call","Call"
"00TVo00001EBmZKMA1","Call","Call"
"00TVo00001EBmZLMA1","Call","Call"
"00TVo00001EBmZMMA1","Call","Call"
"00TVo00001EBmZNMA1","Call","Call"
"00TVo00001EBmZOMA1","Call","Call"
"00TVo00001EBmZPMA1","Call","Call"
"00TVo00001EBmZQMA1","Call","Call"
"00TVo00001EBmZRMA1","Call","Call"
"00TVo00001EBmZSMA1","Call","Call"
"00TVo00001EBmZTMA1","Call","Call"
"00TVo00001EBmZUMA1","Call","Call"
"00TVo00001EBmZVMA1","Call","Call"
"00TVo00001EBmZWMA1","Call","Call"
"00TVo00001EBmZXMA1","Call","Call"
"00TVo00001EBmZYMA1","Call","Call"
"00TVo00001EBmZZMA1","Call","Call"
"00TVo00001EBmZaMAL","Call","Call"
"00TVo00001EBmZbMAL","Call","Call"
"00TVo00001EBmZcMAL","Call","Call"
"00TVo00001EBmZdMAL","Call","Call"
"00TVo00001EBmZeMAL","Call","Call"
"00TVo00001EBmZfMAL","Call","Call"
"00TVo00001EBmZgMAL","Call","Call"
"00TVo00001EBmZhMAL","Call","Call"
"00TVo00001EBmZiMAL","Call","Call"
"00TVo00001EBmZjMAL","Call","Call"
"00TVo00001EBmZkMAL","Call","Call"
"00TVo00001EBmZlMAL","Call","Call"
"00TVo00001EBmZmMAL","Call","Call"
"00TVo00001EBmZnMAL","Call","Call"
"00TVo00001EBmZoMAL","Call","Call"
"00TVo00001EBmZpMAL","Call","Call"
"00TVo00001EBmZqMAL","Call","Call"
"00TVo00001EBmZrMAL","Call","Call"
"00TVo00001EBmZsMAL","Call","Call"
"00TVo00001EBmZtMAL","Call","Call"
"00TVo00001EBmZuMAL","Call","Call"
"00TVo00001EBmZvMAL","Call","Call"
"00TVo00001EBmZwMAL","Call","Call"
"00TVo00001EBmZxMAL","Call","Call"
"00TVo00001EBmZyMAL","Call","Call"
"00TVo00001EBmZzMAL","Call","Call"
"00TVo00001EBma0MAD","Call","Call"
"00TVo00001EBma1MAD","Call","Call"
"00TVo00001EBma2MAD","Call","Call"
"00TVo00001EBma3MAD","Call","Call"
"00TVo00001EBma4MAD","Call","Call"
"00TVo00001EBma5MAD","Call","Call"
"00TVo00001EBma6MAD","Call","Call"
"00TVo00001EBma7MAD","Call","Call"
"00TVo00001EBma8MAD","Call","Call"
"00TVo00001EBma9MAD","Call","Call"
"00TVo00001EBmaAMAT","Call","Call"
"00TVo00001EBmaBMAT","Call","Call"
"00TVo00001EBmaCMAT","Call","Call"
"00TVo00001EBmaDMAT","Call","Call"
"00TVo00001EBmaEMAT","Call","Call"
"00TVo00001EBmaFMAT","Call","Call"
"00TVo00001EBmaGMAT","Call","Call"
"00TVo00001EBmaHMAT","Call","Call"
"00TVo00001EBmaIMAT","Call","Call"
"00TVo00001EBmaJMAT","Call","Call"
"00TVo00001EBmaKMAT","Call","Call"
"00TVo00001EBmaLMAT","Call","Call"
"00TVo00001EBmaMMAT","Call","Call"
"00TVo00001EBmaNMAT","Call","Call"
"00TVo00001EBmaOMAT","Call","Call"
"00TVo00001EBmaPMAT","Call","Call"
"00TVo00001EBmaQMAT","Call","Call"
"00TVo00001EBmaRMAT","Call","Call"
"00TVo00001EBmaSMAT","Call","Call"
"00TVo00001EBmaTMAT","Call","Call"
"00TVo00001EBmaUMAT","Call","Call"
"00TVo00001EBmaVMAT","Call","Call"
"00TVo00001EBmaWMAT","Call","Call"
"00TVo00001EBmaXMAT","Call","Call"
"00TVo00001EBmaYMAT","Call","Call"
"00TVo00001EBmaZMAT","Call","Call"
"00TVo00001EBmaaMAD","Call","Call"
"00TVo00001EBmabMAD","Call","Call"
"00TVo00001EBmacMAD","Call","Call"
"00TVo00001EBmadMAD","Call","Call"
"00TVo00001EBmaeMAD","Call","Call"
"00TVo00001EBmafMAD","Call","Call"
"00TVo00001EBmagMAD","Call","Call"
"00TVo00001EBmahMAD","Call","Call"
"00TVo00001EBmaiMAD","Call","Call"
"00TVo00001EBmajMAD","Call","Call"
"00TVo00001EBmakMAD","Call","Call"
"00TVo00001EBmalMAD","Call","Call"
"00TVo00001EBmamMAD","Call","Call"
"00TVo00001EBmanMAD","Call","Call"
"00TVo00001EBmaoMAD","Call","Call"
"00TVo00001EBmapMAD","Call","Call"
"00TVo00001EBmaqMAD","Call","Call"
"00TVo00001EBmarMAD","Call","Call"
"00TVo00001EBmasMAD","Call","Call"
"00TVo00001EBmatMAD","Call","Call"
"00TVo00001EBmauMAD","Call","Call"
"00TVo00001EBmavMAD","Call","Call"
"00TVo00001EBmawMAD","Call","Call"
"00TVo00001EBmaxMAD","Call","Call"
"00TVo00001EBmayMAD","Call","Call"
"00TVo00001EBmazMAD","Call","Call"
"00TVo00001EBmb0MAD","Call","Call"
"00TVo00001EBmb1MAD","Call","Call"
"00TVo00001EBmb2MAD","Call","Call"
"00TVo00001EBmb3MAD","Call","Call"
"00TVo00001EBmb4MAD","Call","Call"
"00TVo00001EBmb5MAD","Call","Call"
"00TVo00001EBmb6MAD","Call","Call"
"00TVo00001EBmb7MAD","Call","Call"
"00TVo00001EBmb8MAD","Call","Call"
"00TVo00001EBmb9MAD","Call","Call"
"00TVo00001EBmbAMAT","Call","Call"
"00TVo00001EBmbBMAT","Call","Call"
"00TVo00001EBmbCMAT","Call","Call"
"00TVo00001EBmbDMAT","Call","Call"
"00TVo00001EBmbEMAT","Call","Call"
"00TVo00001EBmbFMAT","Call","Call"
"00TVo00001EBmbGMAT","Call","Call"
"00TVo00001EBmbHMAT","Call","Call"
"00TVo00001EBmbIMAT","Call","Call"
"00TVo00001EBmbJMAT","Call","Call"
"00TVo00001EBmbKMAT","Call","Call"
"00TVo00001EBmbLMAT","Call","Call"
"00TVo00001EBmbMMAT","Call","Call"
"00TVo00001EBmbNMAT","Call","Call"
"00TVo00001EBmbOMAT","Call","Call"
"00TVo00001EBmbPMAT","Call","Call"
"00TVo00001EBmbQMAT","Call","Call"
"00TVo00001EBmbRMAT","Call","Call"
"00TVo00001EBmbSMAT","Call","Call"
"00TVo00001EBmbTMAT","Call","Call"
"00TVo00001EBmbUMAT","Call","Call"
"00TVo00001EBmbVMAT","Call","Call"
"00TVo00001EBmbWMAT","Call","Call"
"00TVo00001EBmbXMAT","Call","Call"
"00TVo00001EBmbYMAT","Call","Call"
"00TVo00001EBmbZMAT","Call","Call"
"00TVo00001EBmbaMAD","Call","Call"
"00TVo00001EBmbbMAD","Call","Call"
"00TVo00001EBmbcMAD","Call","Call"
"00TVo00001EBmbdMAD","Call","Call"
"00TVo00001EBmbeMAD","Call","Call"
"00TVo00001EBmbfMAD","Call","Call"
"00TVo00001EBmbgMAD","Call","Call"
"00TVo00001EBmbhMAD","Call","Call"
"00TVo00001EBmbiMAD","Call","Call"
"00TVo00001EBmbjMAD","Call","Call"
"00TVo00001EBmbkMAD","Call","Call"
"00TVo00001EBmblMAD","Call","Call"
"00TVo00001EBmbmMAD","Call","Call"
"00TVo00001EBmbnMAD","Call","Call"
"00TVo00001EBmboMAD","Call","Call"
"00TVo00001EBmbpMAD","Call","Call"
"00TVo00001EBmbqMAD","Call","Call"
"00TVo00001EBmbrMAD","Call","Call"
"00TVo00001EBmbsMAD","Call","Call"
"00TVo00001EBmbtMAD","Call","Call"
"00TVo00001EBmbuMAD","Call","Call"
"00TVo00001EBmbvMAD","Call","Call"
"00TVo00001EBmbwMAD","Call","Call"
"00TVo00001EBmbxMAD","Call","Call"
"00TVo00001EBmbyMAD","Call","Call"
"00TVo00001EBmbzMAD","Call","Call"
"00TVo00001EBmc0MAD","Call","Call"
"00TVo00001EBmc1MAD","Call","Call"
"00TVo00001EBmc2MAD","Call","Call"
"00TVo00001EBmc3MAD","Call","Call"
"00TVo00001EBmc4MAD","Call","Call"
"00TVo00001EBmc5MAD","Call","Call"
"00TVo00001EBmc6MAD","Call","Call"
"00TVo00001EBmc7MAD","Call","Call"
"00TVo00001EBmc8MAD","Call","Call"
"00TVo00001EBmc9MAD","Call","Call"
"00TVo00001EBmcAMAT","Call","Call"
"00TVo00001EBmcBMAT","Call","Call"
"00TVo00001EBmcCMAT","Call","Call"
"00TVo00001EBmcDMAT","Call","Call"
"00TVo00001EBmcEMAT","Call","Call"
"00TVo00001EBmcFMAT","Call","Call"
"00TVo00001EBmcGMAT","Call","Call"
"00TVo00001EBmcHMAT","Call","Call"
"00TVo00001EBmcIMAT","Call","Call"
"00TVo00001EBmcJMAT","Call","Call"
"00TVo00001EBmcKMAT","Call","Call"
"00TVo00001EBmcLMAT","Call","Call"
"00TVo00001EBmcMMAT","Call","Call"
"00TVo00001EBmcNMAT","Call","Call"
"00TVo00001EBmcOMAT","Call","Call"
"00TVo00001EBmcPMAT","Call","Call"
"00TVo00001EBmcQMAT","Call","Call"
"00TVo00001EBmcRMAT","Call","Call"
"00TVo00001EBmcSMAT","Call","Call"
"00TVo00001EBmcTMAT","Call","Call"
"00TVo00001EBmcUMAT","Call","Call"
"00TVo00001EBmcVMAT","Call","Call"
"00TVo00001EBmcWMAT","Call","Call"
"00TVo00001EBmcXMAT","Call","Call"
"00TVo00001EBmcYMAT","Call","Call"
"00TVo00001EBmcZMAT","Call","Call"
"00TVo00001EBmcaMAD","Call","Call"
"00TVo00001EBmcbMAD","Call","Call"
"00TVo00001EBmccMAD","Call","Call"
"00TVo00001EBmcdMAD","Call","Call"
"00TVo00001EBmceMAD","Call","Call"
"00TVo00001EBmcfMAD","Call","Call"
"00TVo00001EBmcgMAD","Call","Call"
"00TVo00001EBmchMAD","Call","Call"
"00TVo00001EBmciMAD","Call","Call"
"00TVo00001EBmcjMAD","Call","Call"
"00TVo00001EBmckMAD","Call","Call"
"00TVo00001EBmclMAD","Call","Call"
"00TVo00001EBmcmMAD","Call","Call"
"00TVo00001EBmcnMAD","Call","Call"
"00TVo00001EBmcoMAD","Call","Call"
"00TVo00001EBmcpMAD","Call","Call"
"00TVo00001EBmcqMAD","Call","Call"
"00TVo00001EBmcrMAD","Call","Call"
"00TVo00001EBmcsMAD","Call","Call"
"00TVo00001EBmctMAD","Call","Call"
"00TVo00001EBmcuMAD","Call","Call"
"00TVo00001EBmcvMAD","Call","Call"
"00TVo00001EBmcwMAD","Call","Call"
"00TVo00001EBmcxMAD","Call","Call"
"00TVo00001EBmcyMAD","Call","Call"
"00TVo00001EBmczMAD","Call","Call"
"00TVo00001EBmd0MAD","Call","Call"
"00TVo00001EBmd1MAD","Call","Call"
"00TVo00001EBmd2MAD","Call","Call"
"00TVo00001EBmd3MAD","Call","Call"
"00TVo00001EBmd4MAD","Call","Call"
"00TVo00001EBmd5MAD","Call","Call"
"00TVo00001EBmd6MAD","Call","Call"
"00TVo00001EBmd7MAD","Call","Call"
"00TVo00001EBmd8MAD","Call","Call"
"00TVo00001EBmd9MAD","Call","Call"
"00TVo00001EBmdAMAT","Call","Call"
"00TVo00001EBmdBMAT","Call","Call"
"00TVo00001EBmdCMAT","Call","Call"
"00TVo00001EBmdDMAT","Call","Call"
"00TVo00001EBmdEMAT","Call","Call"
"00TVo00001EBmdFMAT","Call","Call"
"00TVo00001EBmdGMAT","Call","Call"
"00TVo00001EBmdHMAT","Call","Call"
"00TVo00001EBmdIMAT","Call","Call"
"00TVo00001EBmdJMAT","Call","Call"
"00TVo00001EBmdKMAT","Call","Call"
"00TVo00001EBmdLMAT","Call","Call"
"00TVo00001EBmdMMAT","Call","Call"
"00TVo00001EBmdNMAT","Call","Call"
"00TVo00001EBmdOMAT","Call","Call"
"00TVo00001EBmdPMAT","Call","Call"
"00TVo00001EBmdQMAT","Call","Call"
"00TVo00001EBmdRMAT","Call","Call"
"00TVo00001EBmdSMAT","Call","Call"
"00TVo00001EBmdTMAT","Call","Call"
"00TVo00001EBmdUMAT","Call","Call"
"00TVo00001EBmdVMAT","Call","Call"
"00TVo00001EBmdWMAT","Call","Call"
"00TVo00001EBmdXMAT","Call","Call"
"00TVo00001EBmdYMAT","Call","Call"
"00TVo00001EBmdZMAT","Call","Call"
"00TVo00001EBmdaMAD","Call","Call"
"00TVo00001EBmdbMAD","Call","Call"
"00TVo00001EBmdcMAD","Call","Call"
"00TVo00001EBmddMAD","Call","Call"
"00TVo00001EBmdeMAD","Call","Call"
"00TVo00001EBmdfMAD","Call","Call"
"00TVo00001EBmdgMAD","Call","Call"
"00TVo00001EBmdhMAD","Call","Call"
"00TVo00001EBmdiMAD","Call","Call"
"00TVo00001EBmdjMAD","Call","Call"
"00TVo00001EBmdkMAD","Call","Call"
"00TVo00001EBmdlMAD","Call","Call"
"00TVo00001EBmdmMAD","Call","Call"
"00TVo00001EBmdnMAD","Call","Call"
"00TVo00001EBmdoMAD","Call","Call"
"00TVo00001EBmdpMAD","Call","Call"
"00TVo00001EBmdqMAD","Call","Call"
"00TVo00001EBmdrMAD","Call","Call"
"00TVo00001EBmdsMAD","Call","Call"
"00TVo00001EBmdtMAD","Call","Call"
"00TVo00001EBmduMAD","Call","Call"
"00TVo00001EBmdvMAD","Call","Call"
"00TVo00001EBmdwMAD","Call","Call"
"00TVo00001EBmdxMAD","Call","Call"
"00TVo00001EBmdyMAD","Call","Call"
"00TVo00001EBmdzMAD","Call","Call"
"00TVo00001EBme0MAD","Call","Call"
"00TVo00001EBme1MAD","Call","Call"
"00TVo00001EBme2MAD","Call","Call"
"00TVo00001EBme3MAD","Call","Call"
"00TVo00001EBme4MAD","Call","Call"
"00TVo00001EBme5MAD","Call","Call"
"00TVo00001EBme6MAD","Call","Call"
"00TVo00001EBme7MAD","Call","Call"
"00TVo00001EBme8MAD","Call","Call"
"00TVo00001EBme9MAD","Call","Call"
"00TVo00001EBmeAMAT","Call","Call"
"00TVo00001EBmeBMAT","Call","Call"
"00TVo00001EBmeCMAT","Call","Call"
"00TVo00001EBmeDMAT","Call","Call"
"00TVo00001EBmeEMAT","Call","Call"
"00TVo00001EBmeFMAT","Call","Call"
"00TVo00001EBmeGMAT","Call","Call"
"00TVo00001EBmeHMAT","Call","Call"
"00TVo00001EBmeIMAT","Call","Call"
"00TVo00001EBmeJMAT","Call","Call"
"00TVo00001EBmeKMAT","Call","Call"
"00TVo00001EBmeLMAT","Call","Call"
"00TVo00001EBmeMMAT","Call","Call"
"00TVo00001EBmeNMAT","Call","Call"
"00TVo00001EBmeOMAT","Call","Call"
"00TVo00001EBmePMAT","Call","Call"
"00TVo00001EBmeQMAT","Call","Call"
"00TVo00001EBmeRMAT","Call","Call"
"00TVo00001EBmeSMAT","Call","Call"
"00TVo00001EBmeTMAT","Call","Call"
"00TVo00001EBmeUMAT","Call","Call"
"00TVo00001EBmeVMAT","Call","Call"
"00TVo00001EBmeWMAT","Call","Call"
"00TVo00001EBmeXMAT","Call","Call"
"00TVo00001EBmeYMAT","Call","Call"
"00TVo00001EBmeZMAT","Call","Call"
"00TVo00001EBmeaMAD","Call","Call"
"00TVo00001EBmebMAD","Call","Call"
"00TVo00001EBmecMAD","Call","Call"
"00TVo00001EBmedMAD","Call","Call"
"00TVo00001EBmeeMAD","Call","Call"
"00TVo00001EBmefMAD","Call","Call"
"00TVo00001EBmegMAD","Call","Call"
"00TVo00001EBmehMAD","Call","Call"
"00TVo00001EBmeiMAD","Call","Call"
"00TVo00001EBmejMAD","Call","Call"
"00TVo00001EBmekMAD","Call","Call"
"00TVo00001EBmelMAD","Call","Call"
"00TVo00001EBmemMAD","Call","Call"
"00TVo00001EBmenMAD","Call","Call"
"00TVo00001EBmeoMAD","Call","Call"
"00TVo00001EBmepMAD","Call","Call"
"00TVo00001EBmeqMAD","Call","Call"
"00TVo00001EBmerMAD","Call","Call"
"00TVo00001EBmesMAD","Call","Call"
"00TVo00001EBmetMAD","Call","Call"
"00TVo00001EBmeuMAD","Call","Call"
"00TVo00001EBmevMAD","Call","Call"
"00TVo00001EBmewMAD","Call","Call"
"00TVo00001EBmexMAD","Call","Call"
"00TVo00001EBmeyMAD","Call","Call"
"00TVo00001EBmezMAD","Call","Call"
"00TVo00001EBmf0MAD","Call","Call"
"00TVo00001EBmf1MAD","Call","Call"
"00TVo00001EBmf2MAD","Call","Call"
"00TVo00001EBmf3MAD","Call","Call"
"00TVo00001EBmf4MAD","Call","Call"
"00TVo00001EBmf5MAD","Call","Call"
"00TVo00001EBmf6MAD","Call","Call"
"00TVo00001EBmf7MAD","Call","Call"
"00TVo00001EBmf8MAD","Call","Call"
"00TVo00001EBmf9MAD","Call","Call"
"00TVo00001EBmfAMAT","Call","Call"
"00TVo00001EBmfBMAT","Call","Call"
"00TVo00001EBmfCMAT","Call","Call"
"00TVo00001EBmfDMAT","Call","Call"
