"Id","TaskSubtype"
"00TVo00001EAdywMAD","Call"
"00TVo00001EAdyxMAD","Call"
"00TVo00001EAdyyMAD","Call"
"00TVo00001EAdyzMAD","Call"
"00TVo00001EAdz0MAD","Call"
"00TVo00001EAdz1MAD","Call"
"00TVo00001EAdz2MAD","Call"
"00TVo00001EAdz3MAD","Call"
"00TVo00001EAdz4MAD","Call"
"00TVo00001EAdz5MAD","Call"
"00TVo00001EAdz6MAD","Call"
"00TVo00001EAdz7MAD","Call"
"00TVo00001EAdz8MAD","Call"
"00TVo00001EAdz9MAD","Call"
"00TVo00001EAdzAMAT","Call"
"00TVo00001EAdzBMAT","Call"
"00TVo00001EAdzCMAT","Call"
"00TVo00001EAdzDMAT","Call"
"00TVo00001EAdzEMAT","Call"
"00TVo00001EAdzFMAT","Call"
"00TVo00001EAdzGMAT","Call"
"00TVo00001EAdzHMAT","Call"
"00TVo00001EAdzIMAT","Call"
"00TVo00001EAdzJMAT","Call"
"00TVo00001EAdzKMAT","Call"
"00TVo00001EAdzLMAT","Call"
"00TVo00001EAdzMMAT","Call"
"00TVo00001EAdzNMAT","Call"
"00TVo00001EAdzOMAT","Call"
"00TVo00001EAdzPMAT","Call"
"00TVo00001EAdzQMAT","Call"
"00TVo00001EAdzRMAT","Call"
"00TVo00001EAdzSMAT","Call"
"00TVo00001EAdzTMAT","Call"
"00TVo00001EAdzUMAT","Call"
"00TVo00001EAdzVMAT","Call"
"00TVo00001EAdzWMAT","Call"
"00TVo00001EAdzXMAT","Call"
"00TVo00001EAdzYMAT","Call"
"00TVo00001EAdzZMAT","Call"
"00TVo00001EAdzaMAD","Call"
"00TVo00001EAdzbMAD","Call"
"00TVo00001EAdzcMAD","Call"
"00TVo00001EAdzdMAD","Call"
"00TVo00001EAdzeMAD","Call"
"00TVo00001EAdzfMAD","Call"
"00TVo00001EAdzgMAD","Call"
"00TVo00001EAdzhMAD","Call"
"00TVo00001EAdziMAD","Call"
"00TVo00001EAdzjMAD","Call"
"00TVo00001EAdzkMAD","Call"
"00TVo00001EAdzlMAD","Call"
"00TVo00001EAdzmMAD","Call"
"00TVo00001EAdznMAD","Call"
"00TVo00001EAdzoMAD","Call"
"00TVo00001EAdzpMAD","Call"
"00TVo00001EAdzqMAD","Call"
"00TVo00001EAdzrMAD","Call"
"00TVo00001EAdzsMAD","Call"
"00TVo00001EAdztMAD","Call"
"00TVo00001EAdzuMAD","Call"
"00TVo00001EAdzvMAD","Call"
"00TVo00001EAdzwMAD","Call"
"00TVo00001EAdzxMAD","Call"
"00TVo00001EAdzyMAD","Call"
"00TVo00001EAdzzMAD","Call"
"00TVo00001EAe00MAD","Call"
"00TVo00001EAe01MAD","Call"
"00TVo00001EAe02MAD","Call"
"00TVo00001EAe03MAD","Call"
"00TVo00001EAe04MAD","Call"
"00TVo00001EAe05MAD","Call"
"00TVo00001EAe06MAD","Call"
"00TVo00001EAe07MAD","Call"
"00TVo00001EAe08MAD","Call"
"00TVo00001EAe09MAD","Call"
"00TVo00001EAe0AMAT","Call"
"00TVo00001EAe0BMAT","Call"
"00TVo00001EAe0CMAT","Call"
"00TVo00001EAe0DMAT","Call"
"00TVo00001EAe0EMAT","Call"
"00TVo00001EAe0FMAT","Call"
"00TVo00001EAe0GMAT","Call"
"00TVo00001EAe0HMAT","Call"
"00TVo00001EAe0IMAT","Call"
"00TVo00001EAe0JMAT","Call"
"00TVo00001EAe0KMAT","Call"
"00TVo00001EAe0LMAT","Call"
"00TVo00001EAe0MMAT","Call"
"00TVo00001EAe0NMAT","Call"
"00TVo00001EAe0OMAT","Call"
"00TVo00001EBmWzMAL","Call"
"00TVo00001EBmX0MAL","Call"
"00TVo00001EBmX1MAL","Call"
"00TVo00001EBmX2MAL","Call"
"00TVo00001EBmX3MAL","Call"
"00TVo00001EBmX4MAL","Call"
"00TVo00001EBmX5MAL","Call"
"00TVo00001EBmX6MAL","Call"
"00TVo00001EBmX7MAL","Call"
"00TVo00001EBmX8MAL","Call"
"00TVo00001EBmX9MAL","Call"
"00TVo00001EBmXAMA1","Call"
"00TVo00001EBmXBMA1","Call"
"00TVo00001EBmXCMA1","Call"
"00TVo00001EBmXDMA1","Call"
"00TVo00001EBmXEMA1","Call"
"00TVo00001EBmXFMA1","Call"
"00TVo00001EBmXGMA1","Call"
"00TVo00001EBmXHMA1","Call"
"00TVo00001EBmXIMA1","Call"
"00TVo00001EBmXJMA1","Call"
"00TVo00001EBmXKMA1","Call"
"00TVo00001EBmXLMA1","Call"
"00TVo00001EBmXMMA1","Call"
"00TVo00001EBmXNMA1","Call"
"00TVo00001EBmXOMA1","Call"
"00TVo00001EBmXPMA1","Call"
"00TVo00001EBmXQMA1","Call"
"00TVo00001EBmXRMA1","Call"
"00TVo00001EBmXSMA1","Call"
"00TVo00001EBmXTMA1","Call"
"00TVo00001EBmXUMA1","Call"
"00TVo00001EBmXVMA1","Call"
"00TVo00001EBmXWMA1","Call"
"00TVo00001EBmXXMA1","Call"
"00TVo00001EBmXYMA1","Call"
"00TVo00001EBmXZMA1","Call"
"00TVo00001EBmXaMAL","Call"
"00TVo00001EBmXbMAL","Call"
"00TVo00001EBmXcMAL","Call"
"00TVo00001EBmXdMAL","Call"
"00TVo00001EBmXeMAL","Call"
"00TVo00001EBmXfMAL","Call"
"00TVo00001EBmXgMAL","Call"
"00TVo00001EBmXhMAL","Call"
"00TVo00001EBmXiMAL","Call"
"00TVo00001EBmXjMAL","Call"
"00TVo00001EBmXkMAL","Call"
"00TVo00001EBmXlMAL","Call"
"00TVo00001EBmXmMAL","Call"
"00TVo00001EBmXnMAL","Call"
"00TVo00001EBmXoMAL","Call"
"00TVo00001EBmXpMAL","Call"
"00TVo00001EBmXqMAL","Call"
"00TVo00001EBmXrMAL","Call"
"00TVo00001EBmXsMAL","Call"
"00TVo00001EBmXtMAL","Call"
"00TVo00001EBmXuMAL","Call"
"00TVo00001EBmXvMAL","Call"
"00TVo00001EBmXwMAL","Call"
"00TVo00001EBmXxMAL","Call"
"00TVo00001EBmXyMAL","Call"
"00TVo00001EBmXzMAL","Call"
"00TVo00001EBmY0MAL","Call"
"00TVo00001EBmY1MAL","Call"
"00TVo00001EBmY2MAL","Call"
"00TVo00001EBmY3MAL","Call"
"00TVo00001EBmY4MAL","Call"
"00TVo00001EBmY5MAL","Call"
"00TVo00001EBmY6MAL","Call"
"00TVo00001EBmY7MAL","Call"
"00TVo00001EBmY8MAL","Call"
"00TVo00001EBmY9MAL","Call"
"00TVo00001EBmYAMA1","Call"
"00TVo00001EBmYBMA1","Call"
"00TVo00001EBmYCMA1","Call"
"00TVo00001EBmYDMA1","Call"
"00TVo00001EBmYEMA1","Call"
"00TVo00001EBmYFMA1","Call"
"00TVo00001EBmYGMA1","Call"
"00TVo00001EBmYHMA1","Call"
"00TVo00001EBmYIMA1","Call"
"00TVo00001EBmYJMA1","Call"
"00TVo00001EBmYKMA1","Call"
"00TVo00001EBmYLMA1","Call"
"00TVo00001EBmYMMA1","Call"
"00TVo00001EBmYNMA1","Call"
"00TVo00001EBmYOMA1","Call"
"00TVo00001EBmYPMA1","Call"
"00TVo00001EBmYQMA1","Call"
"00TVo00001EBmYRMA1","Call"
"00TVo00001EBmYSMA1","Call"
"00TVo00001EBmYTMA1","Call"
"00TVo00001EBmYUMA1","Call"
"00TVo00001EBmYVMA1","Call"
"00TVo00001EBmYWMA1","Call"
"00TVo00001EBmYXMA1","Call"
"00TVo00001EBmYYMA1","Call"
"00TVo00001EBmYZMA1","Call"
"00TVo00001EBmYaMAL","Call"
"00TVo00001EBmYbMAL","Call"
"00TVo00001EBmYcMAL","Call"
"00TVo00001EBmYdMAL","Call"
"00TVo00001EBmYeMAL","Call"
"00TVo00001EBmYfMAL","Call"
"00TVo00001EBmYgMAL","Call"
"00TVo00001EBmYhMAL","Call"
"00TVo00001EBmYiMAL","Call"
"00TVo00001EBmYjMAL","Call"
"00TVo00001EBmYkMAL","Call"
"00TVo00001EBmYlMAL","Call"
"00TVo00001EBmYmMAL","Call"
"00TVo00001EBmYnMAL","Call"
"00TVo00001EBmYoMAL","Call"
"00TVo00001EBmYpMAL","Call"
"00TVo00001EBmYqMAL","Call"
"00TVo00001EBmYrMAL","Call"
"00TVo00001EBmYsMAL","Call"
"00TVo00001EBmYtMAL","Call"
"00TVo00001EBmYuMAL","Call"
"00TVo00001EBmYvMAL","Call"
"00TVo00001EBmYwMAL","Call"
"00TVo00001EBmYxMAL","Call"
"00TVo00001EBmYyMAL","Call"
"00TVo00001EBmYzMAL","Call"
"00TVo00001EBmZ0MAL","Call"
"00TVo00001EBmZ1MAL","Call"
"00TVo00001EBmZ2MAL","Call"
"00TVo00001EBmZ3MAL","Call"
"00TVo00001EBmZ4MAL","Call"
"00TVo00001EBmZ5MAL","Call"
"00TVo00001EBmZ6MAL","Call"
"00TVo00001EBmZ7MAL","Call"
"00TVo00001EBmZ8MAL","Call"
"00TVo00001EBmZ9MAL","Call"
"00TVo00001EBmZAMA1","Call"
"00TVo00001EBmZBMA1","Call"
"00TVo00001EBmZCMA1","Call"
"00TVo00001EBmZDMA1","Call"
"00TVo00001EBmZEMA1","Call"
"00TVo00001EBmZFMA1","Call"
"00TVo00001EBmZGMA1","Call"
"00TVo00001EBmZHMA1","Call"
"00TVo00001EBmZIMA1","Call"
"00TVo00001EBmZJMA1","Call"
"00TVo00001EBmZKMA1","Call"
"00TVo00001EBmZLMA1","Call"
"00TVo00001EBmZMMA1","Call"
"00TVo00001EBmZNMA1","Call"
"00TVo00001EBmZOMA1","Call"
"00TVo00001EBmZPMA1","Call"
"00TVo00001EBmZQMA1","Call"
"00TVo00001EBmZRMA1","Call"
"00TVo00001EBmZSMA1","Call"
"00TVo00001EBmZTMA1","Call"
"00TVo00001EBmZUMA1","Call"
"00TVo00001EBmZVMA1","Call"
"00TVo00001EBmZWMA1","Call"
"00TVo00001EBmZXMA1","Call"
"00TVo00001EBmZYMA1","Call"
"00TVo00001EBmZZMA1","Call"
"00TVo00001EBmZaMAL","Call"
"00TVo00001EBmZbMAL","Call"
"00TVo00001EBmZcMAL","Call"
"00TVo00001EBmZdMAL","Call"
"00TVo00001EBmZeMAL","Call"
"00TVo00001EBmZfMAL","Call"
"00TVo00001EBmZgMAL","Call"
"00TVo00001EBmZhMAL","Call"
"00TVo00001EBmZiMAL","Call"
"00TVo00001EBmZjMAL","Call"
"00TVo00001EBmZkMAL","Call"
"00TVo00001EBmZlMAL","Call"
"00TVo00001EBmZmMAL","Call"
"00TVo00001EBmZnMAL","Call"
"00TVo00001EBmZoMAL","Call"
"00TVo00001EBmZpMAL","Call"
"00TVo00001EBmZqMAL","Call"
"00TVo00001EBmZrMAL","Call"
"00TVo00001EBmZsMAL","Call"
"00TVo00001EBmZtMAL","Call"
"00TVo00001EBmZuMAL","Call"
"00TVo00001EBmZvMAL","Call"
"00TVo00001EBmZwMAL","Call"
"00TVo00001EBmZxMAL","Call"
"00TVo00001EBmZyMAL","Call"
"00TVo00001EBmZzMAL","Call"
"00TVo00001EBma0MAD","Call"
"00TVo00001EBma1MAD","Call"
"00TVo00001EBma2MAD","Call"
"00TVo00001EBma3MAD","Call"
"00TVo00001EBma4MAD","Call"
"00TVo00001EBma5MAD","Call"
"00TVo00001EBma6MAD","Call"
"00TVo00001EBma7MAD","Call"
"00TVo00001EBma8MAD","Call"
"00TVo00001EBma9MAD","Call"
"00TVo00001EBmaAMAT","Call"
"00TVo00001EBmaBMAT","Call"
"00TVo00001EBmaCMAT","Call"
"00TVo00001EBmaDMAT","Call"
"00TVo00001EBmaEMAT","Call"
"00TVo00001EBmaFMAT","Call"
"00TVo00001EBmaGMAT","Call"
"00TVo00001EBmaHMAT","Call"
"00TVo00001EBmaIMAT","Call"
"00TVo00001EBmaJMAT","Call"
"00TVo00001EBmaKMAT","Call"
"00TVo00001EBmaLMAT","Call"
"00TVo00001EBmaMMAT","Call"
"00TVo00001EBmaNMAT","Call"
"00TVo00001EBmaOMAT","Call"
"00TVo00001EBmaPMAT","Call"
"00TVo00001EBmaQMAT","Call"
"00TVo00001EBmaRMAT","Call"
"00TVo00001EBmaSMAT","Call"
"00TVo00001EBmaTMAT","Call"
"00TVo00001EBmaUMAT","Call"
"00TVo00001EBmaVMAT","Call"
"00TVo00001EBmaWMAT","Call"
"00TVo00001EBmaXMAT","Call"
"00TVo00001EBmaYMAT","Call"
"00TVo00001EBmaZMAT","Call"
"00TVo00001EBmaaMAD","Call"
"00TVo00001EBmabMAD","Call"
"00TVo00001EBmacMAD","Call"
"00TVo00001EBmadMAD","Call"
"00TVo00001EBmaeMAD","Call"
"00TVo00001EBmafMAD","Call"
"00TVo00001EBmagMAD","Call"
"00TVo00001EBmahMAD","Call"
"00TVo00001EBmaiMAD","Call"
"00TVo00001EBmajMAD","Call"
"00TVo00001EBmakMAD","Call"
"00TVo00001EBmalMAD","Call"
"00TVo00001EBmamMAD","Call"
"00TVo00001EBmanMAD","Call"
"00TVo00001EBmaoMAD","Call"
"00TVo00001EBmapMAD","Call"
"00TVo00001EBmaqMAD","Call"
"00TVo00001EBmarMAD","Call"
"00TVo00001EBmasMAD","Call"
"00TVo00001EBmatMAD","Call"
"00TVo00001EBmauMAD","Call"
"00TVo00001EBmavMAD","Call"
"00TVo00001EBmawMAD","Call"
"00TVo00001EBmaxMAD","Call"
"00TVo00001EBmayMAD","Call"
"00TVo00001EBmazMAD","Call"
"00TVo00001EBmb0MAD","Call"
"00TVo00001EBmb1MAD","Call"
"00TVo00001EBmb2MAD","Call"
"00TVo00001EBmb3MAD","Call"
"00TVo00001EBmb4MAD","Call"
"00TVo00001EBmb5MAD","Call"
"00TVo00001EBmb6MAD","Call"
"00TVo00001EBmb7MAD","Call"
"00TVo00001EBmb8MAD","Call"
"00TVo00001EBmb9MAD","Call"
"00TVo00001EBmbAMAT","Call"
"00TVo00001EBmbBMAT","Call"
"00TVo00001EBmbCMAT","Call"
"00TVo00001EBmbDMAT","Call"
"00TVo00001EBmbEMAT","Call"
"00TVo00001EBmbFMAT","Call"
"00TVo00001EBmbGMAT","Call"
"00TVo00001EBmbHMAT","Call"
"00TVo00001EBmbIMAT","Call"
"00TVo00001EBmbJMAT","Call"
"00TVo00001EBmbKMAT","Call"
"00TVo00001EBmbLMAT","Call"
"00TVo00001EBmbMMAT","Call"
"00TVo00001EBmbNMAT","Call"
"00TVo00001EBmbOMAT","Call"
"00TVo00001EBmbPMAT","Call"
"00TVo00001EBmbQMAT","Call"
"00TVo00001EBmbRMAT","Call"
"00TVo00001EBmbSMAT","Call"
"00TVo00001EBmbTMAT","Call"
"00TVo00001EBmbUMAT","Call"
"00TVo00001EBmbVMAT","Call"
"00TVo00001EBmbWMAT","Call"
"00TVo00001EBmbXMAT","Call"
"00TVo00001EBmbYMAT","Call"
"00TVo00001EBmbZMAT","Call"
"00TVo00001EBmbaMAD","Call"
"00TVo00001EBmbbMAD","Call"
"00TVo00001EBmbcMAD","Call"
"00TVo00001EBmbdMAD","Call"
"00TVo00001EBmbeMAD","Call"
"00TVo00001EBmbfMAD","Call"
"00TVo00001EBmbgMAD","Call"
"00TVo00001EBmbhMAD","Call"
"00TVo00001EBmbiMAD","Call"
"00TVo00001EBmbjMAD","Call"
"00TVo00001EBmbkMAD","Call"
"00TVo00001EBmblMAD","Call"
"00TVo00001EBmbmMAD","Call"
"00TVo00001EBmbnMAD","Call"
"00TVo00001EBmboMAD","Call"
"00TVo00001EBmbpMAD","Call"
"00TVo00001EBmbqMAD","Call"
"00TVo00001EBmbrMAD","Call"
"00TVo00001EBmbsMAD","Call"
"00TVo00001EBmbtMAD","Call"
"00TVo00001EBmbuMAD","Call"
"00TVo00001EBmbvMAD","Call"
"00TVo00001EBmbwMAD","Call"
"00TVo00001EBmbxMAD","Call"
"00TVo00001EBmbyMAD","Call"
"00TVo00001EBmbzMAD","Call"
"00TVo00001EBmc0MAD","Call"
"00TVo00001EBmc1MAD","Call"
"00TVo00001EBmc2MAD","Call"
"00TVo00001EBmc3MAD","Call"
"00TVo00001EBmc4MAD","Call"
"00TVo00001EBmc5MAD","Call"
"00TVo00001EBmc6MAD","Call"
"00TVo00001EBmc7MAD","Call"
"00TVo00001EBmc8MAD","Call"
"00TVo00001EBmc9MAD","Call"
"00TVo00001EBmcAMAT","Call"
"00TVo00001EBmcBMAT","Call"
"00TVo00001EBmcCMAT","Call"
"00TVo00001EBmcDMAT","Call"
"00TVo00001EBmcEMAT","Call"
"00TVo00001EBmcFMAT","Call"
"00TVo00001EBmcGMAT","Call"
"00TVo00001EBmcHMAT","Call"
"00TVo00001EBmcIMAT","Call"
"00TVo00001EBmcJMAT","Call"
"00TVo00001EBmcKMAT","Call"
"00TVo00001EBmcLMAT","Call"
"00TVo00001EBmcMMAT","Call"
"00TVo00001EBmcNMAT","Call"
"00TVo00001EBmcOMAT","Call"
"00TVo00001EBmcPMAT","Call"
"00TVo00001EBmcQMAT","Call"
"00TVo00001EBmcRMAT","Call"
"00TVo00001EBmcSMAT","Call"
"00TVo00001EBmcTMAT","Call"
"00TVo00001EBmcUMAT","Call"
"00TVo00001EBmcVMAT","Call"
"00TVo00001EBmcWMAT","Call"
"00TVo00001EBmcXMAT","Call"
"00TVo00001EBmcYMAT","Call"
"00TVo00001EBmcZMAT","Call"
"00TVo00001EBmcaMAD","Call"
"00TVo00001EBmcbMAD","Call"
"00TVo00001EBmccMAD","Call"
"00TVo00001EBmcdMAD","Call"
"00TVo00001EBmceMAD","Call"
"00TVo00001EBmcfMAD","Call"
"00TVo00001EBmcgMAD","Call"
"00TVo00001EBmchMAD","Call"
"00TVo00001EBmciMAD","Call"
"00TVo00001EBmcjMAD","Call"
"00TVo00001EBmckMAD","Call"
"00TVo00001EBmclMAD","Call"
"00TVo00001EBmcmMAD","Call"
"00TVo00001EBmcnMAD","Call"
"00TVo00001EBmcoMAD","Call"
"00TVo00001EBmcpMAD","Call"
"00TVo00001EBmcqMAD","Call"
"00TVo00001EBmcrMAD","Call"
"00TVo00001EBmcsMAD","Call"
"00TVo00001EBmctMAD","Call"
"00TVo00001EBmcuMAD","Call"
"00TVo00001EBmcvMAD","Call"
"00TVo00001EBmcwMAD","Call"
"00TVo00001EBmcxMAD","Call"
"00TVo00001EBmcyMAD","Call"
"00TVo00001EBmczMAD","Call"
"00TVo00001EBmd0MAD","Call"
"00TVo00001EBmd1MAD","Call"
"00TVo00001EBmd2MAD","Call"
"00TVo00001EBmd3MAD","Call"
"00TVo00001EBmd4MAD","Call"
"00TVo00001EBmd5MAD","Call"
"00TVo00001EBmd6MAD","Call"
"00TVo00001EBmd7MAD","Call"
"00TVo00001EBmd8MAD","Call"
"00TVo00001EBmd9MAD","Call"
"00TVo00001EBmdAMAT","Call"
"00TVo00001EBmdBMAT","Call"
"00TVo00001EBmdCMAT","Call"
"00TVo00001EBmdDMAT","Call"
"00TVo00001EBmdEMAT","Call"
"00TVo00001EBmdFMAT","Call"
"00TVo00001EBmdGMAT","Call"
"00TVo00001EBmdHMAT","Call"
"00TVo00001EBmdIMAT","Call"
"00TVo00001EBmdJMAT","Call"
"00TVo00001EBmdKMAT","Call"
"00TVo00001EBmdLMAT","Call"
"00TVo00001EBmdMMAT","Call"
"00TVo00001EBmdNMAT","Call"
"00TVo00001EBmdOMAT","Call"
"00TVo00001EBmdPMAT","Call"
"00TVo00001EBmdQMAT","Call"
"00TVo00001EBmdRMAT","Call"
"00TVo00001EBmdSMAT","Call"
"00TVo00001EBmdTMAT","Call"
"00TVo00001EBmdUMAT","Call"
"00TVo00001EBmdVMAT","Call"
"00TVo00001EBmdWMAT","Call"
"00TVo00001EBmdXMAT","Call"
"00TVo00001EBmdYMAT","Call"
"00TVo00001EBmdZMAT","Call"
"00TVo00001EBmdaMAD","Call"
"00TVo00001EBmdbMAD","Call"
"00TVo00001EBmdcMAD","Call"
"00TVo00001EBmddMAD","Call"
"00TVo00001EBmdeMAD","Call"
"00TVo00001EBmdfMAD","Call"
"00TVo00001EBmdgMAD","Call"
"00TVo00001EBmdhMAD","Call"
"00TVo00001EBmdiMAD","Call"
"00TVo00001EBmdjMAD","Call"
"00TVo00001EBmdkMAD","Call"
"00TVo00001EBmdlMAD","Call"
"00TVo00001EBmdmMAD","Call"
"00TVo00001EBmdnMAD","Call"
"00TVo00001EBmdoMAD","Call"
"00TVo00001EBmdpMAD","Call"
"00TVo00001EBmdqMAD","Call"
"00TVo00001EBmdrMAD","Call"
"00TVo00001EBmdsMAD","Call"
"00TVo00001EBmdtMAD","Call"
"00TVo00001EBmduMAD","Call"
"00TVo00001EBmdvMAD","Call"
"00TVo00001EBmdwMAD","Call"
"00TVo00001EBmdxMAD","Call"
"00TVo00001EBmdyMAD","Call"
"00TVo00001EBmdzMAD","Call"
"00TVo00001EBme0MAD","Call"
"00TVo00001EBme1MAD","Call"
"00TVo00001EBme2MAD","Call"
"00TVo00001EBme3MAD","Call"
"00TVo00001EBme4MAD","Call"
"00TVo00001EBme5MAD","Call"
"00TVo00001EBme6MAD","Call"
"00TVo00001EBme7MAD","Call"
"00TVo00001EBme8MAD","Call"
"00TVo00001EBme9MAD","Call"
"00TVo00001EBmeAMAT","Call"
"00TVo00001EBmeBMAT","Call"
"00TVo00001EBmeCMAT","Call"
"00TVo00001EBmeDMAT","Call"
"00TVo00001EBmeEMAT","Call"
"00TVo00001EBmeFMAT","Call"
"00TVo00001EBmeGMAT","Call"
"00TVo00001EBmeHMAT","Call"
"00TVo00001EBmeIMAT","Call"
"00TVo00001EBmeJMAT","Call"
"00TVo00001EBmeKMAT","Call"
"00TVo00001EBmeLMAT","Call"
"00TVo00001EBmeMMAT","Call"
"00TVo00001EBmeNMAT","Call"
"00TVo00001EBmeOMAT","Call"
"00TVo00001EBmePMAT","Call"
"00TVo00001EBmeQMAT","Call"
"00TVo00001EBmeRMAT","Call"
"00TVo00001EBmeSMAT","Call"
"00TVo00001EBmeTMAT","Call"
"00TVo00001EBmeUMAT","Call"
"00TVo00001EBmeVMAT","Call"
"00TVo00001EBmeWMAT","Call"
"00TVo00001EBmeXMAT","Call"
"00TVo00001EBmeYMAT","Call"
"00TVo00001EBmeZMAT","Call"
"00TVo00001EBmeaMAD","Call"
"00TVo00001EBmebMAD","Call"
"00TVo00001EBmecMAD","Call"
"00TVo00001EBmedMAD","Call"
"00TVo00001EBmeeMAD","Call"
"00TVo00001EBmefMAD","Call"
"00TVo00001EBmegMAD","Call"
"00TVo00001EBmehMAD","Call"
"00TVo00001EBmeiMAD","Call"
"00TVo00001EBmejMAD","Call"
"00TVo00001EBmekMAD","Call"
"00TVo00001EBmelMAD","Call"
"00TVo00001EBmemMAD","Call"
"00TVo00001EBmenMAD","Call"
"00TVo00001EBmeoMAD","Call"
"00TVo00001EBmepMAD","Call"
"00TVo00001EBmeqMAD","Call"
"00TVo00001EBmerMAD","Call"
"00TVo00001EBmesMAD","Call"
"00TVo00001EBmetMAD","Call"
"00TVo00001EBmeuMAD","Call"
"00TVo00001EBmevMAD","Call"
"00TVo00001EBmewMAD","Call"
"00TVo00001EBmexMAD","Call"
"00TVo00001EBmeyMAD","Call"
"00TVo00001EBmezMAD","Call"
"00TVo00001EBmf0MAD","Call"
"00TVo00001EBmf1MAD","Call"
"00TVo00001EBmf2MAD","Call"
"00TVo00001EBmf3MAD","Call"
"00TVo00001EBmf4MAD","Call"
"00TVo00001EBmf5MAD","Call"
"00TVo00001EBmf6MAD","Call"
"00TVo00001EBmf7MAD","Call"
"00TVo00001EBmf8MAD","Call"
"00TVo00001EBmf9MAD","Call"
"00TVo00001EBmfAMAT","Call"
"00TVo00001EBmfBMAT","Call"
"00TVo00001EBmfCMAT","Call"
"00TVo00001EBmfDMAT","Call"
