"Id","CallType"
"00T5f00002H4GJjEAN","Inbound"
"00T5f00002H5D5EEAV","Inbound"
"00T5f00002HuhtIEAR","Inbound"
"00T5f00002HvCPYEA3","Inbound"
"00T5f00002NJcDaEAL","Inbound"
"00T5f00002NJlkGEAT","Inbound"
"00T5f00002NJluBEAT","Inbound"
"00T5f00002NJyoJEAT","Inbound"
"00T5f00002NK1fDEAT","Inbound"
"00T5f00002NK8OpEAL","Inbound"
"00T5f00002NKhutEAD","Inbound"
"00T5f00002NL0KzEAL","Inbound"
"00T5f00002NLlZZEA1","Inbound"
"00T5f00002NLztfEAD","Inbound"
"00T5f00002NM6eIEAT","Inbound"
"00T5f00002NM7MJEA1","Inbound"
"00T5f00002NM93uEAD","Inbound"
"00T5f00002NM9AMEA1","Inbound"
"00T5f00002NMEwSEAX","Inbound"
"00T5f00002NMGpiEAH","Inbound"
"00T5f00002NMH9HEAX","Inbound"
"00T5f00002NMIZmEAP","Inbound"
"00T5f00002NMIi5EAH","Inbound"
"00T5f00002NMJfYEAX","Inbound"
"00T5f00002NMJgBEAX","Inbound"
"00T5f00002NMKxPEAX","Inbound"
"00T5f00002NML0VEAX","Inbound"
"00T5f00002NMOdaEAH","Inbound"
"00T5f00002NMPCrEAP","Inbound"
"00T5f00002NMPqiEAH","Inbound"
"00T5f00002NMQ8ZEAX","Inbound"
"00T5f00002NMQNxEAP","Inbound"
"00T5f00002NMQSBEA5","Inbound"
"00T5f00002NMRPVEA5","Inbound"
"00T5f00002NMRPpEAP","Inbound"
"00T5f00002NMSElEAP","Inbound"
"00T5f00002NMSSKEA5","Inbound"
"00T5f00002NMT3gEAH","Inbound"
"00T5f00002NMWfREAX","Inbound"
"00T5f00002NMXCBEA5","Inbound"
"00T5f00002NMXCWEA5","Inbound"
"00T5f00002NMZraEAH","Inbound"
"00T5f00002NMb4zEAD","Inbound"
"00T5f00002NMbU4EAL","Inbound"
"00T5f00002NMbUEEA1","Inbound"
"00T5f00002NMcVvEAL","Inbound"
"00T5f00002NMcXbEAL","Inbound"
"00T5f00002NMdJpEAL","Inbound"
"00T5f00002NMdk0EAD","Inbound"
"00T5f00002NMdkKEAT","Inbound"
"00T5f00002NMdkPEAT","Inbound"
"00T5f00002NMdtqEAD","Inbound"
"00T5f00002NMfTkEAL","Inbound"
"00T5f00002NMfV6EAL","Inbound"
"00T5f00002NMfY5EAL","Inbound"
"00T5f00002NMfZjEAL","Inbound"
"00T5f00002NMfaBEAT","Inbound"
"00T5f00002NMfvTEAT","Inbound"
"00T5f00002NMjvXEAT","Inbound"
"00T5f00002NMkdZEAT","Inbound"
"00T5f00002NMlGyEAL","Inbound"
"00T5f00002NMmNDEA1","Inbound"
"00T5f00002NMn0LEAT","Inbound"
"00T5f00002NMsy1EAD","Inbound"
"00T5f00002NMsyGEAT","Inbound"
"00T5f00002NMsyaEAD","Inbound"
"00T5f00002NMsz9EAD","Inbound"
"00T5f00002NMthOEAT","Inbound"
"00T5f00002NMtj0EAD","Inbound"
"00T5f00002NMtjyEAD","Inbound"
"00T5f00002NMtqQEAT","Inbound"
"00T5f00002NMtqkEAD","Inbound"
"00T5f00002NMtrQEAT","Inbound"
"00T5f00002NMtsDEAT","Inbound"
"00T5f00002NMtsqEAD","Inbound"
"00T5f00002NMttBEAT","Inbound"
"00T5f00002NMuC7EAL","Inbound"
"00T5f00002NMuDKEA1","Inbound"
"00T5f00002NMuIUEA1","Inbound"
"00TVo00000O2T3QMAV","Inbound"
"00TVo00000O9QTlMAN","Inbound"
"00TVo00000OAdAWMA1","Inbound"
"00TVo00000OGD6yMAH","Inbound"
"00TVo00000OGj1qMAD","Inbound"
"00TVo00000OI0taMAD","Inbound"
"00TVo00000OIDveMAH","Inbound"
"00TVo00000OIkHuMAL","Inbound"
"00TVo00000OIoOqMAL","Inbound"
"00TVo00000OOraKMAT","Inbound"
"00TVo00000OembGMAR","Inbound"
"00TVo00000P0BrdMAF","Inbound"
"00TVo00000PL2jdMAD","Inbound"
"00TVo00000PM68lMAD","Inbound"
"00TVo00000PoWPyMAN","Inbound"
"00TVo00000Poi1DMAR","Inbound"
"00TVo00000PppP2MAJ","Inbound"
"00TVo00000QBAuwMAH","Inbound"
"00TVo00000QHC2bMAH","Inbound"
"00TVo00000QJf2AMAT","Inbound"
"00TVo00000RA3zmMAD","Inbound"
"00TVo00000RAHRXMA5","Inbound"
"00TVo00000SYaFRMA1","Inbound"
"00TVo00000SgZHQMA3","Inbound"
"00TVo00000SufBrMAJ","Inbound"
"00TVo00000U0ov8MAB","Inbound"
"00TVo00000U4iFpMAJ","Inbound"
"00TVo00000U50eCMAR","Inbound"
"00TVo00000U5QYVMA3","Inbound"
"00TVo00000UBnqXMAT","Inbound"
"00T5f00002DkLi8EAF","Inbound"
"00T5f00002H5MVNEA3","Inbound"
"00T5f00002HvfedEAB","Inbound"
"00T5f00002NJyPJEA1","Inbound"
"00T5f00002NK31mEAD","Inbound"
"00T5f00002NK6NgEAL","Inbound"
"00T5f00002NK6OYEA1","Inbound"
"00T5f00002NM1p3EAD","Inbound"
"00T5f00002NM58bEAD","Inbound"
"00T5f00002NMEwWEAX","Inbound"
"00T5f00002NMF7bEAH","Inbound"
"00T5f00002NMGlqEAH","Inbound"
"00T5f00002NMHBwEAP","Inbound"
"00T5f00002NMIYjEAP","Inbound"
"00T5f00002NML0TEAX","Inbound"
"00T5f00002NMNRsEAP","Inbound"
"00T5f00002NMNRxEAP","Inbound"
"00T5f00002NMNUhEAP","Inbound"
"00T5f00002NMNwKEAX","Inbound"
"00T5f00002NMOHiEAP","Inbound"
"00T5f00002NMOHkEAP","Inbound"
"00T5f00002NMONkEAP","Inbound"
"00T5f00002NMQ38EAH","Inbound"
"00T5f00002NMSEWEA5","Inbound"
"00T5f00002NMSSZEA5","Inbound"
"00T5f00002NMT6jEAH","Inbound"
"00T5f00002NMTawEAH","Inbound"
"00T5f00002NMVLkEAP","Inbound"
"00T5f00002NMWRyEAP","Inbound"
"00T5f00002NMX97EAH","Inbound"
"00T5f00002NMXC1EAP","Inbound"
"00T5f00002NMXC8EAP","Inbound"
"00T5f00002NMXCYEA5","Inbound"
"00T5f00002NMYjCEAX","Inbound"
"00T5f00002NMYnhEAH","Inbound"
"00T5f00002NMaTUEA1","Inbound"
"00T5f00002NMdG3EAL","Inbound"
"00T5f00002NMdIxEAL","Inbound"
"00T5f00002NMdKTEA1","Inbound"
"00T5f00002NMdkUEAT","Inbound"
"00T5f00002NMdxZEAT","Inbound"
"00T5f00002NMebdEAD","Inbound"
"00T5f00002NMerhEAD","Inbound"
"00T5f00002NMfaGEAT","Inbound"
"00T5f00002NMiMBEA1","Inbound"
"00T5f00002NMiP5EAL","Inbound"
"00T5f00002NMjWIEA1","Inbound"
"00T5f00002NMmPAEA1","Inbound"
"00T5f00002NMn0UEAT","Inbound"
"00T5f00002NMnekEAD","Inbound"
"00T5f00002NMt9xEAD","Inbound"
"00T5f00002NMtk8EAD","Inbound"
"00TVo00000OHu6jMAD","Inbound"
"00TVo00000OboulMAB","Inbound"
"00TVo00000OeypOMAR","Inbound"
"00TVo00000OfJiWMAV","Inbound"
"00TVo00000OfU9GMAV","Inbound"
"00TVo00000PJqZOMA1","Inbound"
"00TVo00000PL1SXMA1","Inbound"
"00TVo00000PL7lAMAT","Inbound"
"00TVo00000POipZMAT","Inbound"
"00TVo00000POqOsMAL","Inbound"
"00TVo00000PiFt9MAF","Inbound"
"00TVo00000QB97TMAT","Inbound"
"00TVo00000QJtxtMAD","Inbound"
"00TVo00000QRDn7MAH","Inbound"
"00TVo00000R55fRMAR","Inbound"
"00TVo00000R5DpwMAF","Inbound"
"00TVo00000RN04cMAD","Inbound"
"00TVo00000RavkzMAB","Inbound"
"00TVo00000Rb1AUMAZ","Inbound"
"00TVo00000RbjhvMAB","Inbound"
"00TVo00000SeyaIMAR","Inbound"
"00TVo00000Tv8l7MAB","Inbound"
"00TVo00000TwW0QMAV","Inbound"
"00TVo00000U2uBOMAZ","Inbound"
"00TVo00000U5PB9MAN","Inbound"
"00TVo00000UDr2HMAT","Inbound"
"00TVo00000UEQsqMAH","Inbound"
"00TVo00000UESqgMAH","Inbound"
"00TVo00000UEoILMA1","Inbound"
"00TVo00000UExerMAD","Inbound"
